doc_id,tipo,areas_actuales,areas_propuestas,cambia,evidencia_lexico_por_10k,aprobado
decision_andina_345,norma,"Derecho de los mercados [competencia, consumidor, datos personales y propiedad intelectual]","Derecho de los mercados [competencia, consumidor, datos personales y propiedad intelectual]",no,tributario=6; civil=6; laboral=3,
decision_andina_351,norma,"Derecho de los mercados [competencia, consumidor, datos personales y propiedad intelectual]","Derecho de los mercados [competencia, consumidor, datos personales y propiedad intelectual]",no,de los mercados=41; de familia=4; penal=2,
decision_andina_391,norma,"Derecho de los mercados [competencia, consumidor, datos personales y propiedad intelectual]","Derecho de los mercados [competencia, consumidor, datos personales y propiedad intelectual]",no,de los mercados=13; de familia=7; tributario=5,
decision_andina_608,norma,"Derecho de los mercados [competencia, consumidor, datos personales y propiedad intelectual]","Derecho de los mercados [competencia, consumidor, datos personales y propiedad intelectual]",no,de los mercados=63; de familia=6; laboral=2,
decreto_1069_2015,norma,Derecho procesal | Derecho constitucional,Derecho procesal | Derecho constitucional | Derecho penal,si,penal=105; procesal=28; comercial y sociedades=25,
decreto_1260_1970,norma,Derecho civil | Derecho de familia,Derecho civil | Derecho de familia,no,de familia=47; civil=10; de los mercados=2,
decreto_1295_1994,norma,Derecho laboral,Derecho laboral,no,laboral=177; administrativo=5; tributario=2,
decreto_1333_1986,norma,Derecho tributario | Derecho administrativo,Derecho tributario | Derecho administrativo,no,civil=17; tributario=8; de familia=5,
decreto_1377_2013,norma,"Derecho de los mercados [competencia, consumidor, datos personales y propiedad intelectual]","Derecho de los mercados [competencia, consumidor, datos personales y propiedad intelectual]",no,de los mercados=156; de familia=23; laboral=2,
decreto_1818_1998,norma,Derecho procesal,Derecho procesal,no,de familia=32; administrativo=12; laboral=8,
decreto_2591_1991,norma,Derecho constitucional | Derecho procesal,Derecho constitucional | Derecho procesal,no,administrativo=9; laboral=2; de los mercados=2,
decreto_306_1992,norma,Derecho procesal,Derecho procesal,no,tributario=0; procesal=0; penal=0,
decreto_333_2021,norma,Derecho procesal,Derecho procesal,no,administrativo=17; civil=7; laboral=3,
decreto_735_2013,norma,"Derecho de los mercados [competencia, consumidor, datos personales y propiedad intelectual]","Derecho de los mercados [competencia, consumidor, datos personales y propiedad intelectual]",no,de los mercados=150; tributario=13; civil=11,
decreto_886_2014,norma,"Derecho de los mercados [competencia, consumidor, datos personales y propiedad intelectual]","Derecho de los mercados [competencia, consumidor, datos personales y propiedad intelectual]",no,de los mercados=84; tributario=10; procesal=0,
ley_1004_2005,norma,Derecho tributario,Derecho tributario,no,tributario=150; de los mercados=14; de familia=7,
ley_1032_2006,norma,"Derecho de los mercados [competencia, consumidor, datos personales y propiedad intelectual] | Derecho penal","Derecho de los mercados [competencia, consumidor, datos personales y propiedad intelectual] | Derecho penal",no,penal=54; laboral=43; de los mercados=32,
ley_1060_2006,norma,Derecho de familia,Derecho de familia,no,de familia=209; civil=26; tributario=0,
ley_1066_2006,norma,Derecho tributario | Derecho administrativo,Derecho tributario | Derecho administrativo,no,tributario=161; laboral=42; administrativo=30,
ley_1111_2006,norma,Derecho tributario,Derecho tributario,no,tributario=265; laboral=13; civil=10,
ley_1123_2007,norma,Derecho procesal | Derecho administrativo,Derecho procesal | Derecho administrativo,no,administrativo=145; de familia=10; penal=7,
ley_1183_2008,norma,Derecho civil,Derecho civil,no,civil=216; tributario=41; de familia=7,
ley_1221_2008,norma,Derecho laboral,Derecho laboral,no,laboral=213; tributario=9; administrativo=9,
ley_1257_2008,norma,Derecho penal | Derecho de familia,Derecho penal | Derecho de familia,no,de familia=65; laboral=18; penal=10,
ley_1266_2008,norma,"Derecho de los mercados [competencia, consumidor, datos personales y propiedad intelectual]","Derecho de los mercados [competencia, consumidor, datos personales y propiedad intelectual]",no,de los mercados=38; comercial y sociedades=3; administrativo=3,
ley_1273_2009,norma,"Derecho penal | Derecho de los mercados [competencia, consumidor, datos personales y propiedad intelectual]","Derecho penal | Derecho de los mercados [competencia, consumidor, datos personales y propiedad intelectual]",no,penal=85; laboral=62; de los mercados=23,
ley_1285_2009,norma,Derecho procesal,Derecho procesal,no,de los mercados=17; de familia=9; laboral=6,
ley_1306_2009,norma,Derecho civil | Derecho de familia,Derecho civil | Derecho de familia,no,de familia=65; laboral=7; civil=5,
ley_1314_2009,norma,Derecho comercial y sociedades,Derecho comercial y sociedades,no,tributario=24; administrativo=8; comercial y sociedades=5,
ley_1328_2009,norma,"Derecho de los mercados [competencia, consumidor, datos personales y propiedad intelectual] | Derecho comercial y sociedades","Derecho de los mercados [competencia, consumidor, datos personales y propiedad intelectual] | Derecho comercial y sociedades",no,de los mercados=212; tributario=10; laboral=7,
ley_1341_2009,norma,"Derecho de los mercados [competencia, consumidor, datos personales y propiedad intelectual]","Derecho de los mercados [competencia, consumidor, datos personales y propiedad intelectual]",no,administrativo=8; de familia=7; tributario=5,
ley_134_1994,norma,Derecho constitucional,Derecho constitucional,no,laboral=3; tributario=2; de los mercados=2,
ley_1361_2009,norma,Derecho de familia,Derecho de familia,no,de familia=217; laboral=40; tributario=0,
ley_136_1994,norma,Derecho administrativo,Derecho administrativo,no,laboral=18; administrativo=8; de los mercados=5,
ley_1395_2010,norma,Derecho procesal,Derecho procesal,no,procesal=20; civil=8; de familia=5,
ley_1403_2010,norma,"Derecho de los mercados [competencia, consumidor, datos personales y propiedad intelectual]","Derecho de los mercados [competencia, consumidor, datos personales y propiedad intelectual]",no,de los mercados=57; laboral=19; tributario=0,
ley_1429_2010,norma,Derecho comercial y sociedades | Derecho laboral,Derecho comercial y sociedades | Derecho laboral,no,laboral=115; tributario=92; comercial y sociedades=15,
ley_1430_2010,norma,Derecho tributario,Derecho tributario,no,tributario=237; comercial y sociedades=22; administrativo=8,
ley_1453_2011,norma,Derecho penal,Derecho penal,no,penal=60; laboral=55; de familia=17,
ley_1474_2011,norma,Derecho administrativo | Derecho penal,Derecho administrativo | Derecho penal,no,laboral=48; penal=37; administrativo=35,
ley_1475_2011,norma,Derecho constitucional,Derecho constitucional,no,penal=13; tributario=8; de familia=3,
ley_1496_2011,norma,Derecho laboral,Derecho laboral,no,laboral=151; tributario=0; procesal=0,
ley_14_1983,norma,Derecho tributario,Derecho tributario,no,tributario=101; civil=45; de los mercados=7,
ley_1508_2012,norma,Derecho administrativo,Derecho administrativo,no,administrativo=13; comercial y sociedades=2; civil=2,
ley_1551_2012,norma,Derecho administrativo,Derecho administrativo,no,laboral=20; tributario=12; civil=5,
ley_1561_2012,norma,Derecho civil | Derecho procesal,Derecho civil | Derecho procesal,no,civil=91; procesal=40; de familia=12,
ley_1579_2012,norma,Derecho civil,Derecho civil,no,civil=72; tributario=17; administrativo=17,
ley_1609_2013,norma,Derecho tributario,Derecho tributario,no,tributario=6; penal=6; de familia=6,
ley_1648_2013,norma,"Derecho de los mercados [competencia, consumidor, datos personales y propiedad intelectual]","Derecho de los mercados [competencia, consumidor, datos personales y propiedad intelectual]",no,de los mercados=106; tributario=0; procesal=0,
ley_1709_2014,norma,Derecho penal,Derecho penal,no,penal=108; de familia=8; comercial y sociedades=7,
ley_1712_2014,norma,Derecho constitucional | Derecho administrativo,Derecho constitucional | Derecho administrativo,no,administrativo=45; de familia=11; penal=5,
ley_1735_2014,norma,Derecho comercial y sociedades,Derecho comercial y sociedades,no,de los mercados=37; tributario=23; comercial y sociedades=14,
ley_1739_2014,norma,Derecho tributario,Derecho tributario,no,tributario=410; laboral=22; civil=12,
ley_1751_2015,norma,Derecho constitucional,Derecho constitucional,no,laboral=13; de familia=6; administrativo=2,
ley_1757_2015,norma,Derecho constitucional,Derecho constitucional,no,tributario=3; laboral=2; civil=2,
ley_1761_2015,norma,Derecho penal,Derecho penal,no,penal=71; administrativo=14; de familia=5,
ley_1774_2016,norma,Derecho penal | Derecho civil,Derecho penal | Derecho civil,no,penal=46; laboral=33; de familia=26,
ley_178_1994,norma,"Derecho de los mercados [competencia, consumidor, datos personales y propiedad intelectual]","Derecho de los mercados [competencia, consumidor, datos personales y propiedad intelectual]",no,de los mercados=237; comercial y sociedades=5; laboral=2,
ley_1822_2017,norma,Derecho laboral,Derecho laboral,no,laboral=133; de familia=55; tributario=0,
ley_1826_2017,norma,Derecho penal | Derecho procesal,Derecho penal | Derecho procesal,no,penal=27; administrativo=13; de familia=10,
ley_1846_2017,norma,Derecho laboral,Derecho laboral,no,laboral=51; administrativo=17; tributario=0,
ley_1878_2018,norma,Derecho de familia,Derecho de familia,no,de familia=193; procesal=12; administrativo=8,
ley_1882_2018,norma,Derecho administrativo,Derecho administrativo,no,tributario=20; administrativo=18; civil=13,
ley_1901_2018,norma,Derecho comercial y sociedades,Derecho comercial y sociedades | Derecho laboral,si,laboral=64; comercial y sociedades=58; tributario=17,
ley_1915_2018,norma,"Derecho de los mercados [competencia, consumidor, datos personales y propiedad intelectual]","Derecho de los mercados [competencia, consumidor, datos personales y propiedad intelectual]",no,de los mercados=73; laboral=3; procesal=2,
ley_1922_2018,norma,Derecho penal | Derecho procesal,Derecho penal | Derecho procesal,no,penal=115; procesal=25; de familia=7,
ley_1943_2018,norma,Derecho tributario,Derecho tributario,no,tributario=247; laboral=8; comercial y sociedades=5,
ley_1957_2019,norma,Derecho penal | Derecho constitucional,Derecho penal | Derecho constitucional,no,penal=132; administrativo=13; tributario=5,
ley_1978_2019,norma,"Derecho de los mercados [competencia, consumidor, datos personales y propiedad intelectual] | Derecho administrativo","Derecho de los mercados [competencia, consumidor, datos personales y propiedad intelectual] | Derecho administrativo",no,administrativo=5; tributario=3; de familia=3,
ley_1996_2019,norma,Derecho civil | Derecho de familia,Derecho civil | Derecho de familia,no,de familia=17; civil=15; administrativo=12,
ley_1_1976,norma,Derecho de familia,Derecho de familia,no,de familia=314; procesal=3; penal=3,
ley_2010_2019,norma,Derecho tributario,Derecho tributario,no,tributario=237; laboral=8; comercial y sociedades=7,
ley_2044_2020,norma,Derecho civil,Derecho civil,no,civil=89; administrativo=28; de familia=10,
ley_2069_2020,norma,Derecho comercial y sociedades,Derecho comercial y sociedades,no,laboral=33; tributario=22; comercial y sociedades=10,
ley_2080_2021,norma,Derecho administrativo | Derecho procesal,Derecho administrativo | Derecho procesal,no,administrativo=25; procesal=20; penal=3,
ley_2081_2021,norma,Derecho penal,Derecho penal,no,penal=122; laboral=20; administrativo=20,
ley_2088_2021,norma,Derecho laboral,Derecho laboral,no,laboral=233; administrativo=86; de familia=5,
ley_2089_2021,norma,Derecho de familia,Derecho de familia,no,de familia=183; tributario=0; procesal=0,
ley_2094_2021,norma,Derecho administrativo | Derecho procesal,Derecho administrativo | Derecho procesal,no,administrativo=190; laboral=10; procesal=5,
ley_2097_2021,norma,Derecho de familia,Derecho de familia,no,de familia=59; de los mercados=16; penal=11,
ley_2098_2021,norma,Derecho penal,Derecho penal,no,penal=67; de familia=20; laboral=7,
ley_2101_2021,norma,Derecho laboral,Derecho laboral,no,laboral=214; tributario=0; procesal=0,
ley_2121_2021,norma,Derecho laboral,Derecho laboral,no,laboral=360; administrativo=14; de familia=2,
ley_2126_2021,norma,Derecho de familia,Derecho de familia,no,de familia=228; administrativo=12; penal=7,
ley_2155_2021,norma,Derecho tributario,Derecho tributario,no,tributario=368; civil=20; administrativo=10,
ley_2191_2022,norma,Derecho laboral,Derecho laboral,no,laboral=134; administrativo=97; tributario=0,
ley_2195_2022,norma,Derecho administrativo,Derecho administrativo,no,administrativo=65; penal=22; comercial y sociedades=17,
ley_2197_2022,norma,Derecho penal,Derecho penal,no,penal=43; administrativo=15; laboral=13,
ley_2213_2022,norma,Derecho procesal,Derecho procesal,no,procesal=29; administrativo=16; de familia=10,
ley_223_1995,norma,Derecho tributario,Derecho tributario,no,tributario=237; laboral=15; comercial y sociedades=8,
ley_2277_2022,norma,Derecho tributario,Derecho tributario,no,tributario=340; laboral=8; civil=8,
ley_2300_2023,norma,"Derecho de los mercados [competencia, consumidor, datos personales y propiedad intelectual]","Derecho de los mercados [competencia, consumidor, datos personales y propiedad intelectual]",no,de los mercados=166; tributario=0; procesal=0,
ley_2365_2024,norma,Derecho laboral,Derecho laboral,no,laboral=71; administrativo=40; procesal=9,
ley_2381_2024,norma,Derecho laboral,Derecho laboral,no,laboral=160; tributario=22; de los mercados=22,
ley_23_1982,norma,"Derecho de los mercados [competencia, consumidor, datos personales y propiedad intelectual]","Derecho de los mercados [competencia, consumidor, datos personales y propiedad intelectual]",no,de los mercados=47; de familia=10; laboral=5,
ley_2447_2025,norma,Derecho de familia,Derecho de familia,no,de familia=194; civil=14; procesal=3,
ley_258_1996,norma,Derecho civil | Derecho de familia,Derecho civil | Derecho de familia,no,de familia=264; civil=125; tributario=49,
ley_25_1992,norma,Derecho de familia,Derecho de familia,no,de familia=214; tributario=0; procesal=0,
ley_270_1996,norma,Derecho procesal | Derecho constitucional,Derecho procesal | Derecho constitucional,no,penal=22; administrativo=17; de familia=10,
ley_294_1996,norma,Derecho de familia | Derecho penal,Derecho de familia | Derecho penal,no,de familia=136; penal=30; laboral=16,
ley_361_1997,norma,Derecho laboral,Derecho laboral,no,laboral=40; administrativo=7; tributario=3,
ley_383_1997,norma,Derecho tributario,Derecho tributario,no,tributario=272; laboral=33; administrativo=8,
ley_388_1997,norma,Derecho administrativo | Derecho civil,Derecho administrativo | Derecho civil,no,de familia=20; administrativo=12; de los mercados=2,
ley_393_1997,norma,Derecho constitucional | Derecho administrativo,Derecho constitucional | Derecho administrativo,no,administrativo=60; procesal=7; de los mercados=3,
ley_43_1990,norma,Derecho comercial y sociedades,Derecho comercial y sociedades,no,laboral=13; penal=7; tributario=5,
ley_446_1998,norma,Derecho procesal,Derecho procesal,no,administrativo=47; laboral=22; de familia=15,
ley_44_1990,norma,Derecho tributario,Derecho tributario,no,tributario=258; civil=70; laboral=7,
ley_44_1993,norma,"Derecho de los mercados [competencia, consumidor, datos personales y propiedad intelectual]","Derecho de los mercados [competencia, consumidor, datos personales y propiedad intelectual]",no,de los mercados=135; de familia=18; laboral=13,
ley_45_1936,norma,Derecho civil | Derecho de familia,Derecho civil | Derecho de familia,no,de familia=140; civil=57; tributario=16,
ley_463_1998,norma,"Derecho de los mercados [competencia, consumidor, datos personales y propiedad intelectual]","Derecho de los mercados [competencia, consumidor, datos personales y propiedad intelectual]",no,de los mercados=65; tributario=10; procesal=0,
ley_489_1998,norma,Derecho administrativo,Derecho administrativo,no,administrativo=33; civil=7; procesal=2,
ley_49_1990,norma,Derecho tributario,Derecho tributario,no,tributario=285; laboral=33; comercial y sociedades=15,
ley_565_2000,norma,"Derecho de los mercados [competencia, consumidor, datos personales y propiedad intelectual]","Derecho de los mercados [competencia, consumidor, datos personales y propiedad intelectual]",no,de los mercados=64; de familia=3; tributario=0,
ley_57_1887,norma,Derecho civil,Derecho civil,no,penal=33; civil=17; de familia=15,
ley_590_2000,norma,Derecho comercial y sociedades,Derecho comercial y sociedades,no,tributario=11; laboral=9; de familia=8,
ley_5_1992,norma,Derecho constitucional,Derecho constitucional,no,administrativo=15; civil=10; tributario=0,
ley_610_2000,norma,Derecho administrativo,Derecho administrativo,no,administrativo=38; penal=10; procesal=3,
ley_617_2000,norma,Derecho administrativo,Derecho administrativo,no,laboral=45; tributario=3; de familia=3,
ley_633_2000,norma,Derecho tributario,Derecho tributario,no,tributario=245; laboral=32; comercial y sociedades=17,
ley_65_1993,norma,Derecho penal,Derecho penal,no,penal=92; administrativo=15; de familia=5,
ley_675_2001,norma,Derecho civil,Derecho civil,no,tributario=28; civil=17; comercial y sociedades=3,
ley_776_2002,norma,Derecho laboral,Derecho laboral,no,laboral=218; tributario=9; de los mercados=3,
ley_788_2002,norma,Derecho tributario,Derecho tributario,no,tributario=223; de los mercados=15; comercial y sociedades=12,
ley_789_2002,norma,Derecho laboral,Derecho laboral,no,laboral=148; comercial y sociedades=12; tributario=10,
ley_791_2002,norma,Derecho civil,Derecho civil,no,civil=49; de los mercados=12; tributario=0,
ley_794_2003,norma,Derecho procesal,Derecho procesal,no,de familia=15; civil=13; administrativo=12,
ley_797_2003,norma,Derecho laboral,Derecho laboral,no,laboral=303; de familia=20; administrativo=18,
ley_863_2003,norma,Derecho tributario,Derecho tributario,no,tributario=427; laboral=15; comercial y sociedades=8,
ley_909_2004,norma,Derecho administrativo | Derecho laboral,Derecho administrativo | Derecho laboral,no,administrativo=97; laboral=10; tributario=5,
ley_95_1890,norma,Derecho civil,Derecho civil,no,civil=77; tributario=5; de los mercados=5,
ley_975_2005,norma,Derecho penal,Derecho penal,no,penal=43; civil=12; de familia=10,
ley_996_2005,norma,Derecho constitucional,Derecho constitucional,no,tributario=8; administrativo=8; comercial y sociedades=7,
ley_9_1989,norma,Derecho civil | Derecho administrativo,Derecho civil | Derecho administrativo,no,tributario=20; administrativo=20; civil=17,
sentencia_c_1011_2008,sentencia,"Derecho constitucional | Derecho de los mercados [competencia, consumidor, datos personales y propiedad intelectual]","Derecho constitucional | Derecho de los mercados [competencia, consumidor, datos personales y propiedad intelectual]",no,de los mercados=148; tributario=7; comercial y sociedades=5,
sentencia_c_1024_2004,sentencia,Derecho constitucional | Derecho laboral,Derecho constitucional | Derecho laboral | Derecho administrativo,si,laboral=227; administrativo=23; de familia=3,
sentencia_c_1035_2008,sentencia,Derecho constitucional | Derecho laboral,Derecho constitucional | Derecho laboral | Derecho de familia,si,laboral=152; de familia=105; de los mercados=12,
sentencia_c_1040_2005,sentencia,Derecho constitucional,Derecho constitucional | Derecho laboral,si,laboral=10; tributario=2; procesal=2,
sentencia_c_1064_2001,sentencia,Derecho constitucional,Derecho constitucional | Derecho laboral | Derecho administrativo,si,laboral=202; administrativo=55; tributario=3,
sentencia_c_1094_2003,sentencia,Derecho constitucional | Derecho laboral,Derecho constitucional | Derecho laboral | Derecho de familia,si,laboral=177; de familia=62; administrativo=3,
sentencia_c_1153_2005,sentencia,Derecho constitucional,Derecho constitucional | Derecho administrativo,si,administrativo=13; tributario=2; laboral=2,
sentencia_c_141_2010,sentencia,Derecho constitucional,Derecho constitucional,no,tributario=3; de familia=2; procesal=0,
sentencia_c_146_2021,sentencia,Derecho constitucional | Derecho administrativo | Derecho procesal,Derecho constitucional | Derecho penal | Derecho administrativo,si,penal=23; administrativo=23; tributario=5,
sentencia_c_150_2015,sentencia,Derecho constitucional,Derecho constitucional,no,de familia=7; tributario=3; administrativo=3,
sentencia_c_180_1994,sentencia,Derecho constitucional,Derecho constitucional,no,tributario=7; laboral=3; de familia=3,
sentencia_c_221_1994,sentencia,Derecho constitucional | Derecho penal,"Derecho constitucional | Derecho de familia | Derecho de los mercados [competencia, consumidor, datos personales y propiedad intelectual]",si,de familia=15; de los mercados=13; penal=12,
sentencia_c_251_1996,sentencia,Derecho constitucional | Derecho civil | Derecho administrativo,Derecho constitucional | Derecho administrativo | Derecho civil,no,administrativo=27; civil=8; laboral=5,
sentencia_c_264_2026,sentencia,Derecho constitucional | Derecho laboral,Derecho constitucional | Derecho laboral,no,laboral=18; tributario=3; procesal=0,
sentencia_c_294_2021,sentencia,Derecho constitucional | Derecho penal,Derecho constitucional | Derecho penal | Derecho de familia,si,penal=12; de familia=10; laboral=5,
sentencia_c_29_2009,sentencia,Derecho constitucional | Derecho de familia,Derecho constitucional | Derecho de familia | Derecho laboral,si,de familia=40; laboral=15; administrativo=10,
sentencia_c_300_2012,sentencia,Derecho constitucional | Derecho administrativo,"Derecho constitucional | Derecho administrativo | Derecho de los mercados [competencia, consumidor, datos personales y propiedad intelectual]",si,administrativo=27; de los mercados=15; laboral=3,
sentencia_c_30_2023,sentencia,Derecho constitucional | Derecho administrativo | Derecho procesal,Derecho constitucional | Derecho administrativo | Derecho penal,si,administrativo=143; penal=20; laboral=5,
sentencia_c_313_2014,sentencia,Derecho constitucional,Derecho constitucional | Derecho laboral | Derecho de familia,si,laboral=25; de familia=13; tributario=3,
sentencia_c_319_2006,sentencia,Derecho constitucional | Derecho penal,Derecho constitucional | Derecho penal | Derecho de familia,si,penal=53; de familia=8; tributario=2,
sentencia_c_328_2015,sentencia,Derecho constitucional | Derecho procesal,Derecho constitucional | Derecho administrativo,si,administrativo=87; tributario=0; procesal=0,
sentencia_c_348_2004,sentencia,Derecho constitucional | Derecho administrativo,Derecho constitucional | Derecho administrativo | Derecho laboral,si,administrativo=53; laboral=17; de familia=15,
sentencia_c_370_2006,sentencia,Derecho constitucional | Derecho penal,Derecho constitucional | Derecho penal | Derecho procesal,si,penal=70; procesal=8; tributario=3,
sentencia_c_37_1996,sentencia,Derecho constitucional | Derecho procesal,Derecho constitucional | Derecho laboral | Derecho administrativo,si,laboral=15; administrativo=8; penal=2,
sentencia_c_44_2015,sentencia,Derecho constitucional,Derecho constitucional | Derecho administrativo | Derecho penal,si,administrativo=18; penal=12; laboral=3,
sentencia_c_458_2015,sentencia,Derecho constitucional | Derecho laboral,Derecho constitucional | Derecho laboral,no,laboral=25; tributario=2; procesal=0,
sentencia_c_467_2016,sentencia,Derecho constitucional | Derecho penal | Derecho civil,Derecho constitucional | Derecho civil,si,civil=18; administrativo=5; de familia=3,
sentencia_c_481_2019,sentencia,Derecho constitucional | Derecho tributario,"Derecho constitucional | Derecho tributario | Derecho de los mercados [competencia, consumidor, datos personales y propiedad intelectual]",si,tributario=35; de los mercados=12; laboral=7,
sentencia_c_490_2011,sentencia,Derecho constitucional,Derecho constitucional | Derecho tributario,si,tributario=8; laboral=3; administrativo=2,
sentencia_c_531_2000,sentencia,Derecho constitucional | Derecho laboral,Derecho constitucional | Derecho laboral,no,laboral=150; de familia=2; tributario=0,
sentencia_c_539_2011,sentencia,Derecho constitucional | Derecho administrativo,Derecho constitucional | Derecho administrativo | Derecho tributario,si,administrativo=35; tributario=13; laboral=12,
sentencia_c_540_2001,sentencia,Derecho constitucional | Derecho administrativo,Derecho constitucional | Derecho laboral | Derecho administrativo,si,laboral=20; administrativo=15; tributario=0,
sentencia_c_543_1992,sentencia,Derecho constitucional | Derecho procesal,Derecho constitucional,si,procesal=5; laboral=3; de familia=3,
sentencia_c_551_2003,sentencia,Derecho constitucional,Derecho constitucional | Derecho laboral,si,laboral=47; administrativo=5; tributario=2,
sentencia_c_575_2006,sentencia,Derecho constitucional | Derecho penal,Derecho constitucional | Derecho penal,no,penal=30; administrativo=5; civil=2,
sentencia_c_577_2011,sentencia,Derecho constitucional | Derecho de familia,Derecho constitucional | Derecho de familia,no,de familia=212; de los mercados=3; penal=2,
sentencia_c_579_2013,sentencia,Derecho constitucional | Derecho penal,Derecho constitucional | Derecho penal,no,penal=32; de familia=3; laboral=2,
sentencia_c_590_2005,sentencia,Derecho constitucional | Derecho procesal,Derecho constitucional | Derecho penal | Derecho procesal,si,penal=25; procesal=22; administrativo=3,
sentencia_c_5_2017,sentencia,Derecho constitucional | Derecho laboral,Derecho constitucional | Derecho laboral | Derecho de familia,si,laboral=167; de familia=53; de los mercados=10,
sentencia_c_634_2011,sentencia,Derecho constitucional | Derecho administrativo,Derecho constitucional,si,de familia=5; penal=2; de los mercados=2,
sentencia_c_660_2000,sentencia,Derecho constitucional | Derecho de familia,Derecho constitucional | Derecho de familia,no,de familia=195; laboral=5; penal=2,
sentencia_c_674_2017,sentencia,Derecho constitucional | Derecho penal,Derecho constitucional | Derecho penal | Derecho administrativo,si,penal=108; administrativo=10; tributario=2,
sentencia_c_694_2015,sentencia,Derecho constitucional | Derecho penal,Derecho constitucional | Derecho penal | Derecho civil,si,penal=42; civil=23; tributario=12,
sentencia_c_71_2015,sentencia,Derecho constitucional | Derecho de familia,Derecho constitucional | Derecho de familia,no,de familia=248; penal=2; laboral=2,
sentencia_c_75_2007,sentencia,Derecho constitucional | Derecho de familia,Derecho constitucional | Derecho de familia | Derecho laboral,si,de familia=48; laboral=10; penal=2,
sentencia_c_80_2018,sentencia,Derecho constitucional | Derecho penal,Derecho constitucional | Derecho penal | Derecho administrativo,si,penal=168; administrativo=12; tributario=5,
sentencia_c_821_2005,sentencia,Derecho constitucional | Derecho de familia,Derecho constitucional | Derecho de familia,no,de familia=213; administrativo=2; tributario=0,
sentencia_c_824_2011,sentencia,Derecho constitucional | Derecho laboral,Derecho constitucional | Derecho laboral,no,laboral=57; tributario=3; de familia=2,
sentencia_c_836_2001,sentencia,Derecho constitucional | Derecho procesal,Derecho constitucional,si,laboral=3; de los mercados=2; de familia=2,
sentencia_c_886_2010,sentencia,Derecho constitucional | Derecho de familia | Derecho penal,Derecho constitucional | Derecho de familia,si,de familia=83; penal=3; tributario=0,
sentencia_c_957_1999,sentencia,Derecho constitucional | Derecho administrativo,Derecho constitucional | Derecho administrativo,no,administrativo=13; laboral=5; de familia=2,
sentencia_su_103_2022,sentencia,Derecho constitucional,Derecho constitucional | Derecho administrativo | Derecho procesal,si,administrativo=13; procesal=10; laboral=5,
sentencia_su_107_2024,sentencia,Derecho constitucional,Derecho constitucional | Derecho laboral | Derecho procesal,si,laboral=158; procesal=12; tributario=5,
sentencia_su_108_2020,sentencia,Derecho constitucional,Derecho constitucional | Derecho laboral | Derecho de familia,si,laboral=178; de familia=53; procesal=7,
sentencia_su_109_2022,sentencia,Derecho constitucional,Derecho constitucional | Derecho tributario | Derecho administrativo,si,tributario=12; administrativo=10; laboral=2,
sentencia_su_111_2020,sentencia,Derecho constitucional,Derecho constitucional | Derecho civil | Derecho laboral,si,civil=35; laboral=10; tributario=2,
sentencia_su_114_2023,sentencia,Derecho constitucional,Derecho constitucional | Derecho de familia,si,de familia=88; laboral=5; de los mercados=5,
sentencia_su_118_2026,sentencia,Derecho constitucional,Derecho constitucional | Derecho laboral,si,laboral=48; procesal=3; administrativo=2,
sentencia_su_121_2022,sentencia,Derecho constitucional,Derecho constitucional | Derecho laboral | Derecho administrativo,si,laboral=8; administrativo=8; de familia=2,
sentencia_su_122_2022,sentencia,Derecho constitucional,Derecho constitucional | Derecho penal | Derecho de familia,si,penal=48; de familia=20; laboral=13,
sentencia_su_123_2018,sentencia,Derecho constitucional,Derecho constitucional | Derecho administrativo,si,administrativo=8; de los mercados=3; procesal=2,
sentencia_su_126_2022,sentencia,Derecho constitucional,"Derecho constitucional | Derecho penal | Derecho de los mercados [competencia, consumidor, datos personales y propiedad intelectual]",si,penal=40; de los mercados=12; laboral=8,
sentencia_su_126_2025,sentencia,Derecho constitucional,Derecho constitucional | Derecho penal | Derecho procesal,si,penal=35; procesal=18; laboral=15,
sentencia_su_128_2021,sentencia,Derecho constitucional,Derecho constitucional | Derecho procesal | Derecho laboral,si,procesal=20; laboral=10; de familia=5,
sentencia_su_128_2024,sentencia,Derecho constitucional,Derecho constitucional | Derecho administrativo,si,administrativo=15; de los mercados=3; tributario=0,
sentencia_su_129_2021,sentencia,Derecho constitucional,Derecho constitucional | Derecho laboral | Derecho procesal,si,laboral=60; procesal=15; de los mercados=5,
sentencia_su_12_2020,sentencia,Derecho constitucional,Derecho constitucional | Derecho laboral | Derecho administrativo,si,laboral=112; administrativo=12; tributario=7,
sentencia_su_134_2022,sentencia,Derecho constitucional,Derecho constitucional | Derecho procesal,si,procesal=10; laboral=3; de familia=3,
sentencia_su_136_2022,sentencia,Derecho constitucional,Derecho constitucional | Derecho laboral | Derecho administrativo,si,laboral=192; administrativo=20; procesal=5,
sentencia_su_138_2021,sentencia,Derecho constitucional,Derecho constitucional | Derecho laboral | Derecho de familia,si,laboral=177; de familia=8; tributario=0,
sentencia_su_139_2021,sentencia,Derecho constitucional,"Derecho constitucional | Derecho de los mercados [competencia, consumidor, datos personales y propiedad intelectual] | Derecho penal",si,de los mercados=78; penal=38; administrativo=3,
sentencia_su_140_2026,sentencia,Derecho constitucional,Derecho constitucional | Derecho laboral,si,laboral=192; de familia=5; tributario=2,
sentencia_su_141_2020,sentencia,Derecho constitucional,Derecho constitucional | Derecho penal | Derecho laboral,si,penal=33; laboral=8; de familia=5,
sentencia_su_143_2020,sentencia,Derecho constitucional,Derecho constitucional | Derecho laboral | Derecho procesal,si,laboral=148; procesal=22; de familia=15,
sentencia_su_143_2026,sentencia,Derecho constitucional,Derecho constitucional | Derecho penal | Derecho de familia,si,penal=50; de familia=45; administrativo=7,
sentencia_su_144_2026,sentencia,Derecho constitucional,Derecho constitucional | Derecho laboral,si,laboral=172; procesal=7; de los mercados=2,
sentencia_su_146_2020,sentencia,Derecho constitucional,Derecho constitucional | Derecho penal | Derecho procesal,si,penal=17; procesal=12; laboral=10,
sentencia_su_14_2020,sentencia,Derecho constitucional,Derecho constitucional | Derecho laboral | Derecho procesal,si,laboral=75; procesal=10; de los mercados=8,
sentencia_su_150_2021,sentencia,Derecho constitucional,Derecho constitucional | Derecho penal,si,penal=8; laboral=5; tributario=2,
sentencia_su_155_2023,sentencia,Derecho constitucional,Derecho constitucional | Derecho laboral,si,laboral=13; procesal=5; civil=3,
sentencia_su_157_2022,sentencia,Derecho constitucional,Derecho constitucional | Derecho civil | Derecho penal,si,civil=77; penal=40; laboral=10,
sentencia_su_163_2023,sentencia,Derecho constitucional,Derecho constitucional | Derecho civil,si,civil=78; tributario=0; procesal=0,
sentencia_su_164_2026,sentencia,Derecho constitucional,Derecho constitucional | Derecho penal | Derecho procesal,si,penal=37; procesal=15; laboral=7,
sentencia_su_165_2022,sentencia,Derecho constitucional,Derecho constitucional | Derecho laboral,si,laboral=172; administrativo=3; tributario=2,
sentencia_su_167_2023,sentencia,Derecho constitucional,Derecho constitucional | Derecho procesal | Derecho penal,si,procesal=35; penal=22; laboral=8,
sentencia_su_167_2024,sentencia,Derecho constitucional,Derecho constitucional | Derecho penal | Derecho laboral,si,penal=8; laboral=8; procesal=3,
sentencia_su_168_2023,sentencia,Derecho constitucional,Derecho constitucional | Derecho penal | Derecho de familia,si,penal=25; de familia=20; procesal=15,
sentencia_su_169_2024,sentencia,Derecho constitucional,Derecho constitucional | Derecho laboral | Derecho de familia,si,laboral=63; de familia=25; procesal=8,
sentencia_su_16_2021,sentencia,Derecho constitucional,Derecho constitucional | Derecho civil | Derecho de familia,si,civil=42; de familia=13; laboral=8,
sentencia_su_16_2024,sentencia,Derecho constitucional,"Derecho constitucional | Derecho penal | Derecho de los mercados [competencia, consumidor, datos personales y propiedad intelectual]",si,penal=23; de los mercados=13; laboral=12,
sentencia_su_16_2026,sentencia,Derecho constitucional,Derecho constitucional | Derecho procesal | Derecho administrativo,si,procesal=38; administrativo=18; tributario=8,
sentencia_su_171_2026,sentencia,Derecho constitucional,Derecho constitucional | Derecho laboral | Derecho procesal,si,laboral=13; procesal=12; administrativo=7,
sentencia_su_174_2021,sentencia,Derecho constitucional,Derecho constitucional | Derecho administrativo | Derecho penal,si,administrativo=32; penal=22; de los mercados=7,
sentencia_su_174_2025,sentencia,Derecho constitucional,Derecho constitucional | Derecho laboral,si,laboral=195; procesal=7; de familia=5,
sentencia_su_175_2025,sentencia,Derecho constitucional,Derecho constitucional | Derecho laboral,si,laboral=8; procesal=3; tributario=2,
sentencia_su_176_2025,sentencia,Derecho constitucional,Derecho constitucional | Derecho de familia | Derecho penal,si,de familia=65; penal=25; laboral=2,
sentencia_su_179_2021,sentencia,Derecho constitucional,Derecho constitucional | Derecho laboral,si,laboral=63; tributario=7; de los mercados=5,
sentencia_su_17_2024,sentencia,Derecho constitucional,Derecho constitucional | Derecho tributario | Derecho administrativo,si,tributario=262; administrativo=20; procesal=3,
sentencia_su_180_2022,sentencia,Derecho constitucional,Derecho constitucional | Derecho de familia,si,de familia=168; laboral=7; de los mercados=5,
sentencia_su_184_2025,sentencia,Derecho constitucional,"Derecho constitucional | Derecho de familia | Derecho de los mercados [competencia, consumidor, datos personales y propiedad intelectual]",si,de familia=58; de los mercados=18; laboral=8,
sentencia_su_18_2024,sentencia,Derecho constitucional,Derecho constitucional | Derecho procesal,si,procesal=55; laboral=5; de familia=5,
sentencia_su_18_2025,sentencia,Derecho constitucional,Derecho constitucional | Derecho de familia | Derecho administrativo,si,de familia=37; administrativo=17; laboral=15,
sentencia_su_18_2026,sentencia,Derecho constitucional,Derecho constitucional | Derecho procesal,si,procesal=17; laboral=3; administrativo=3,
sentencia_su_190_2021,sentencia,Derecho constitucional,Derecho constitucional | Derecho penal | Derecho administrativo,si,penal=40; administrativo=23; laboral=18,
sentencia_su_191_2022,sentencia,Derecho constitucional,Derecho constitucional | Derecho de familia | Derecho penal,si,de familia=48; penal=28; laboral=7,
sentencia_su_191_2025,sentencia,Derecho constitucional,Derecho constitucional | Derecho civil | Derecho laboral,si,civil=145; laboral=10; administrativo=3,
sentencia_su_196_2023,sentencia,Derecho constitucional,Derecho constitucional | Derecho procesal | Derecho laboral,si,procesal=18; laboral=8; administrativo=5,
sentencia_su_196_2025,sentencia,Derecho constitucional,Derecho constitucional | Derecho de familia,si,de familia=12; laboral=2; tributario=0,
sentencia_su_201_2021,sentencia,Derecho constitucional,Derecho constitucional | Derecho de familia | Derecho procesal,si,de familia=108; procesal=27; civil=20,
sentencia_su_204_2025,sentencia,Derecho constitucional,Derecho constitucional | Derecho procesal | Derecho de familia,si,procesal=13; de familia=10; penal=7,
sentencia_su_205_2025,sentencia,Derecho constitucional,Derecho constitucional | Derecho tributario,si,tributario=8; procesal=3; penal=2,
sentencia_su_209_2021,sentencia,Derecho constitucional,Derecho constitucional,no,laboral=7; civil=2; administrativo=2,
sentencia_su_20_2020,sentencia,Derecho constitucional,"Derecho constitucional | Derecho de los mercados [competencia, consumidor, datos personales y propiedad intelectual]",si,de los mercados=23; laboral=7; administrativo=7,
sentencia_su_20_2022,sentencia,Derecho constitucional,Derecho constitucional | Derecho de familia | Derecho penal,si,de familia=13; penal=12; laboral=3,
sentencia_su_212_2023,sentencia,Derecho constitucional,Derecho constitucional | Derecho laboral,si,laboral=132; procesal=5; administrativo=2,
sentencia_su_213_2021,sentencia,Derecho constitucional,Derecho constitucional | Derecho civil | Derecho laboral,si,civil=23; laboral=17; administrativo=7,
sentencia_su_213_2022,sentencia,Derecho constitucional,Derecho constitucional | Derecho de familia,si,de familia=12; procesal=2; laboral=2,
sentencia_su_213_2023,sentencia,Derecho constitucional,Derecho constitucional | Derecho laboral | Derecho de familia,si,laboral=157; de familia=22; administrativo=5,
sentencia_su_213_2024,sentencia,Derecho constitucional,Derecho constitucional | Derecho laboral,si,laboral=147; procesal=3; tributario=0,
sentencia_su_214_2022,sentencia,Derecho constitucional,"Derecho constitucional | Derecho penal | Derecho de los mercados [competencia, consumidor, datos personales y propiedad intelectual]",si,penal=20; de los mercados=12; laboral=8,
sentencia_su_214_2023,sentencia,Derecho constitucional,Derecho constitucional | Derecho penal | Derecho laboral,si,penal=32; laboral=8; procesal=5,
sentencia_su_215_2022,sentencia,Derecho constitucional,Derecho constitucional | Derecho tributario | Derecho laboral,si,tributario=112; laboral=18; administrativo=5,
sentencia_su_216_2022,sentencia,Derecho constitucional,Derecho constitucional | Derecho procesal | Derecho administrativo,si,procesal=20; administrativo=10; laboral=5,
sentencia_su_218_2024,sentencia,Derecho constitucional,Derecho constitucional | Derecho laboral,si,laboral=152; procesal=5; civil=2,
sentencia_su_220_2024,sentencia,Derecho constitucional,Derecho constitucional | Derecho penal | Derecho procesal,si,penal=57; procesal=8; de familia=7,
sentencia_su_221_2024,sentencia,Derecho constitucional,Derecho constitucional | Derecho laboral | Derecho administrativo,si,laboral=115; administrativo=20; procesal=2,
sentencia_su_227_2021,sentencia,Derecho constitucional,Derecho constitucional | Derecho laboral | Derecho procesal,si,laboral=72; procesal=18; de familia=2,
sentencia_su_228_2021,sentencia,Derecho constitucional,Derecho constitucional | Derecho laboral,si,laboral=50; procesal=2; de familia=2,
sentencia_su_22_2023,sentencia,Derecho constitucional,Derecho constitucional | Derecho laboral,si,laboral=102; procesal=2; de los mercados=2,
sentencia_su_236_2022,sentencia,Derecho constitucional,Derecho constitucional | Derecho laboral,si,laboral=78; de familia=5; civil=5,
sentencia_su_239_2024,sentencia,Derecho constitucional,"Derecho constitucional | Derecho laboral | Derecho de los mercados [competencia, consumidor, datos personales y propiedad intelectual]",si,laboral=15; de los mercados=12; penal=2,
sentencia_su_241_2024,sentencia,Derecho constitucional,Derecho constitucional | Derecho penal | Derecho procesal,si,penal=25; procesal=20; laboral=18,
sentencia_su_244_2021,sentencia,Derecho constitucional,Derecho constitucional | Derecho civil | Derecho procesal,si,civil=63; procesal=12; laboral=5,
sentencia_su_245_2021,sentencia,Derecho constitucional,Derecho constitucional,no,administrativo=7; laboral=5; de familia=5,
sentencia_su_245_2025,sentencia,Derecho constitucional,Derecho constitucional | Derecho civil,si,civil=10; administrativo=7; laboral=3,
sentencia_su_254_2026,sentencia,Derecho constitucional,Derecho constitucional | Derecho laboral,si,laboral=80; procesal=5; civil=3,
sentencia_su_257_2021,sentencia,Derecho constitucional,Derecho constitucional,no,penal=3; laboral=3; de los mercados=2,
sentencia_su_258_2021,sentencia,Derecho constitucional,Derecho constitucional | Derecho penal | Derecho procesal,si,penal=27; procesal=18; laboral=5,
sentencia_su_259_2021,sentencia,Derecho constitucional,Derecho constitucional | Derecho administrativo,si,administrativo=38; laboral=7; procesal=5,
sentencia_su_260_2021,sentencia,Derecho constitucional,Derecho constitucional | Derecho laboral | Derecho de familia,si,laboral=108; de familia=12; tributario=2,
sentencia_su_261_2021,sentencia,Derecho constitucional,Derecho constitucional | Derecho administrativo,si,administrativo=27; laboral=7; civil=3,
sentencia_su_269_2023,sentencia,Derecho constitucional,Derecho constitucional | Derecho laboral,si,laboral=140; procesal=3; de los mercados=3,
sentencia_su_26_2021,sentencia,Derecho constitucional,Derecho constitucional | Derecho procesal,si,procesal=18; laboral=5; penal=3,
sentencia_su_272_2021,sentencia,Derecho constitucional,Derecho constitucional | Derecho laboral | Derecho penal,si,laboral=48; penal=12; procesal=5,
sentencia_su_273_2022,sentencia,Derecho constitucional,Derecho constitucional | Derecho laboral | Derecho administrativo,si,laboral=137; administrativo=8; tributario=5,
sentencia_su_274_2025,sentencia,Derecho constitucional,Derecho constitucional | Derecho penal | Derecho de familia,si,penal=73; de familia=38; procesal=15,
sentencia_su_275_2025,sentencia,Derecho constitucional,Derecho constitucional | Derecho laboral | Derecho administrativo,si,laboral=58; administrativo=8; de los mercados=3,
sentencia_su_279_2024,sentencia,Derecho constitucional,Derecho constitucional | Derecho procesal,si,procesal=13; laboral=7; penal=5,
sentencia_su_282_2023,sentencia,Derecho constitucional,Derecho constitucional | Derecho penal | Derecho procesal,si,penal=127; procesal=10; de familia=5,
sentencia_su_286_2021,sentencia,Derecho constitucional,Derecho constitucional | Derecho procesal | Derecho laboral,si,procesal=35; laboral=8; tributario=3,
sentencia_su_287_2024,sentencia,Derecho constitucional,Derecho constitucional | Derecho penal | Derecho laboral,si,penal=25; laboral=8; de familia=8,
sentencia_su_288_2022,sentencia,Derecho constitucional,Derecho constitucional | Derecho civil | Derecho laboral,si,civil=137; laboral=8; de familia=3,
sentencia_su_292_2025,sentencia,Derecho constitucional,Derecho constitucional | Derecho civil | Derecho administrativo,si,civil=48; administrativo=18; procesal=7,
sentencia_su_295_2023,sentencia,Derecho constitucional,Derecho constitucional | Derecho administrativo,si,administrativo=17; laboral=3; penal=2,
sentencia_su_296_2020,sentencia,Derecho constitucional,Derecho constitucional | Derecho penal | Derecho laboral,si,penal=20; laboral=12; procesal=7,
sentencia_su_297_2021,sentencia,Derecho constitucional,Derecho constitucional | Derecho laboral | Derecho de familia,si,laboral=98; de familia=63; procesal=2,
sentencia_su_297_2023,sentencia,Derecho constitucional,Derecho constitucional | Derecho penal,si,penal=37; procesal=5; de los mercados=3,
sentencia_su_297_2025,sentencia,Derecho constitucional,Derecho constitucional | Derecho de familia,si,de familia=17; laboral=5; penal=3,
sentencia_su_299_2022,sentencia,Derecho constitucional,"Derecho constitucional | Derecho laboral | Derecho de los mercados [competencia, consumidor, datos personales y propiedad intelectual]",si,laboral=128; de los mercados=13; de familia=7,
sentencia_su_29_2023,sentencia,Derecho constitucional,Derecho constitucional | Derecho penal,si,penal=92; procesal=7; de los mercados=7,
sentencia_su_29_2024,sentencia,Derecho constitucional,Derecho constitucional | Derecho civil,si,civil=47; procesal=7; penal=3,
sentencia_su_304_2024,sentencia,Derecho constitucional,Derecho constitucional | Derecho laboral | Derecho procesal,si,laboral=130; procesal=15; de familia=2,
sentencia_su_306_2023,sentencia,Derecho constitucional,Derecho constitucional | Derecho penal | Derecho de familia,si,penal=50; de familia=28; laboral=15,
sentencia_su_312_2020,sentencia,Derecho constitucional,Derecho constitucional | Derecho penal | Derecho procesal,si,penal=47; procesal=10; laboral=5,
sentencia_su_313_2020,sentencia,Derecho constitucional,Derecho constitucional | Derecho laboral,si,laboral=237; administrativo=2; tributario=0,
sentencia_su_316_2021,sentencia,Derecho constitucional,Derecho constitucional | Derecho administrativo,si,administrativo=12; procesal=5; laboral=3,
sentencia_su_316_2023,sentencia,Derecho constitucional,Derecho constitucional | Derecho de familia | Derecho procesal,si,de familia=18; procesal=12; de los mercados=8,
sentencia_su_317_2021,sentencia,Derecho constitucional,Derecho constitucional | Derecho laboral | Derecho procesal,si,laboral=170; procesal=8; administrativo=5,
sentencia_su_317_2023,sentencia,Derecho constitucional,Derecho constitucional | Derecho procesal | Derecho penal,si,procesal=48; penal=23; laboral=7,
sentencia_su_322_2024,sentencia,Derecho constitucional,Derecho constitucional | Derecho laboral,si,laboral=118; de familia=7; penal=5,
sentencia_su_326_2022,sentencia,Derecho constitucional,Derecho constitucional | Derecho laboral | Derecho administrativo,si,laboral=18; administrativo=12; procesal=3,
sentencia_su_328_2025,sentencia,Derecho constitucional,Derecho constitucional | Derecho tributario | Derecho administrativo,si,tributario=47; administrativo=17; de familia=13,
sentencia_su_329_2024,sentencia,Derecho constitucional,Derecho constitucional,no,de familia=5; administrativo=5; procesal=3,
sentencia_su_32_2022,sentencia,Derecho constitucional,Derecho constitucional | Derecho de familia,si,de familia=17; laboral=3; de los mercados=2,
sentencia_su_333_2020,sentencia,Derecho constitucional,Derecho constitucional | Derecho penal | Derecho laboral,si,penal=112; laboral=20; civil=5,
sentencia_su_335_2023,sentencia,Derecho constitucional,Derecho constitucional | Derecho civil | Derecho procesal,si,civil=62; procesal=12; laboral=7,
sentencia_su_339_2024,sentencia,Derecho constitucional,Derecho constitucional | Derecho de familia | Derecho administrativo,si,de familia=12; administrativo=12; laboral=8,
sentencia_su_339_2025,sentencia,Derecho constitucional,Derecho constitucional,no,administrativo=7; procesal=3; laboral=2,
sentencia_su_342_2024,sentencia,Derecho constitucional,Derecho constitucional,no,laboral=5; procesal=3; de familia=2,
sentencia_su_345_2024,sentencia,Derecho constitucional,Derecho constitucional | Derecho penal | Derecho administrativo,si,penal=107; administrativo=8; de familia=7,
sentencia_su_347_2022,sentencia,Derecho constitucional,Derecho constitucional | Derecho laboral | Derecho procesal,si,laboral=85; procesal=20; de los mercados=12,
sentencia_su_347_2023,sentencia,Derecho constitucional,"Derecho constitucional | Derecho de los mercados [competencia, consumidor, datos personales y propiedad intelectual]",si,de los mercados=15; laboral=3; civil=3,
sentencia_su_348_2022,sentencia,Derecho constitucional,Derecho constitucional | Derecho laboral | Derecho procesal,si,laboral=82; procesal=18; de familia=15,
sentencia_su_349_2022,sentencia,Derecho constitucional,Derecho constitucional | Derecho de familia | Derecho laboral,si,de familia=120; laboral=37; procesal=12,
sentencia_su_353_2020,sentencia,Derecho constitucional,Derecho constitucional | Derecho penal,si,penal=8; laboral=5; procesal=3,
sentencia_su_354_2020,sentencia,Derecho constitucional,Derecho constitucional | Derecho penal | Derecho laboral,si,penal=40; laboral=13; administrativo=13,
sentencia_su_355_2020,sentencia,Derecho constitucional,Derecho constitucional | Derecho administrativo,si,administrativo=37; laboral=3; civil=3,
sentencia_su_355_2022,sentencia,Derecho constitucional,Derecho constitucional | Derecho de familia | Derecho procesal,si,de familia=17; procesal=13; de los mercados=8,
sentencia_su_360_2024,sentencia,Derecho constitucional,Derecho constitucional | Derecho penal | Derecho de familia,si,penal=132; de familia=33; procesal=7,
sentencia_su_363_2021,sentencia,Derecho constitucional,Derecho constitucional | Derecho penal,si,penal=55; laboral=7; de los mercados=2,
sentencia_su_367_2025,sentencia,Derecho constitucional,Derecho constitucional | Derecho de familia | Derecho laboral,si,de familia=38; laboral=10; administrativo=7,
sentencia_su_368_2022,sentencia,Derecho constitucional,Derecho constitucional | Derecho laboral,si,laboral=140; procesal=3; de familia=2,
sentencia_su_368_2025,sentencia,Derecho constitucional,Derecho constitucional | Derecho laboral | Derecho procesal,si,laboral=12; procesal=8; penal=3,
sentencia_su_369_2024,sentencia,Derecho constitucional,Derecho constitucional | Derecho administrativo,si,administrativo=8; laboral=3; de familia=3,
sentencia_su_371_2021,sentencia,Derecho constitucional,Derecho constitucional | Derecho administrativo | Derecho laboral,si,administrativo=65; laboral=27; penal=17,
sentencia_su_381_2024,sentencia,Derecho constitucional,Derecho constitucional | Derecho administrativo,si,administrativo=205; laboral=5; penal=3,
sentencia_su_382_2024,sentencia,Derecho constitucional,Derecho constitucional | Derecho administrativo,si,administrativo=112; tributario=3; laboral=3,
sentencia_su_386_2023,sentencia,Derecho constitucional,Derecho constitucional | Derecho administrativo,si,administrativo=25; tributario=3; procesal=3,
sentencia_su_387_2022,sentencia,Derecho constitucional,Derecho constitucional | Derecho procesal | Derecho laboral,si,procesal=12; laboral=8; penal=3,
sentencia_su_388_2021,sentencia,Derecho constitucional,Derecho constitucional | Derecho penal | Derecho laboral,si,penal=42; laboral=17; procesal=8,
sentencia_su_388_2022,sentencia,Derecho constitucional,Derecho constitucional | Derecho laboral | Derecho procesal,si,laboral=133; procesal=32; civil=3,
sentencia_su_388_2023,sentencia,Derecho constitucional,Derecho constitucional | Derecho penal | Derecho procesal,si,penal=62; procesal=12; de familia=3,
sentencia_su_38_2023,sentencia,Derecho constitucional,Derecho constitucional | Derecho laboral,si,laboral=115; procesal=3; civil=2,
sentencia_su_397_2021,sentencia,Derecho constitucional,Derecho constitucional | Derecho laboral | Derecho de familia,si,laboral=38; de familia=17; administrativo=12,
sentencia_su_397_2022,sentencia,Derecho constitucional,Derecho constitucional | Derecho laboral,si,laboral=83; tributario=2; procesal=2,
sentencia_su_39_1997,sentencia,Derecho constitucional,Derecho constitucional | Derecho administrativo,si,administrativo=17; de familia=3; laboral=2,
sentencia_su_405_2021,sentencia,Derecho constitucional,Derecho constitucional | Derecho laboral | Derecho procesal,si,laboral=185; procesal=8; de familia=7,
sentencia_su_40_2026,sentencia,Derecho constitucional,Derecho constitucional | Derecho procesal | Derecho laboral,si,procesal=23; laboral=8; de familia=2,
sentencia_su_411_2020,sentencia,Derecho constitucional,Derecho constitucional,no,procesal=7; laboral=5; tributario=0,
sentencia_su_417_2024,sentencia,Derecho constitucional,Derecho constitucional | Derecho administrativo,si,administrativo=122; penal=3; laboral=3,
sentencia_su_419_2024,sentencia,Derecho constitucional,Derecho constitucional | Derecho civil,si,civil=15; administrativo=5; laboral=2,
sentencia_su_41_2020,sentencia,Derecho constitucional,Derecho constitucional | Derecho administrativo | Derecho laboral,si,administrativo=18; laboral=12; de familia=3,
sentencia_su_41_2022,sentencia,Derecho constitucional,Derecho constitucional | Derecho laboral | Derecho procesal,si,laboral=53; procesal=18; de los mercados=3,
sentencia_su_424_2021,sentencia,Derecho constitucional,Derecho constitucional | Derecho procesal | Derecho civil,si,procesal=15; civil=13; tributario=12,
sentencia_su_426_2025,sentencia,Derecho constitucional,Derecho constitucional | Derecho administrativo,si,administrativo=132; procesal=2; penal=2,
sentencia_su_428_2023,sentencia,Derecho constitucional,Derecho constitucional | Derecho laboral,si,laboral=90; procesal=3; de los mercados=3,
sentencia_su_428_2024,sentencia,Derecho constitucional,Derecho constitucional | Derecho laboral,si,laboral=152; procesal=7; tributario=0,
sentencia_su_429_2023,sentencia,Derecho constitucional,Derecho constitucional | Derecho penal,si,penal=35; procesal=3; laboral=3,
sentencia_su_432_2025,sentencia,Derecho constitucional,Derecho constitucional | Derecho civil,si,civil=10; laboral=7; tributario=2,
sentencia_su_433_2020,sentencia,Derecho constitucional,Derecho constitucional | Derecho penal | Derecho de familia,si,penal=97; de familia=42; de los mercados=7,
sentencia_su_439_2024,sentencia,Derecho constitucional,Derecho constitucional | Derecho procesal | Derecho penal,si,procesal=22; penal=13; laboral=7,
sentencia_su_440_2021,sentencia,Derecho constitucional,"Derecho constitucional | Derecho laboral | Derecho de los mercados [competencia, consumidor, datos personales y propiedad intelectual]",si,laboral=185; de los mercados=12; administrativo=3,
sentencia_su_444_2023,sentencia,Derecho constitucional,Derecho constitucional | Derecho laboral | Derecho de familia,si,laboral=137; de familia=52; procesal=7,
sentencia_su_444_2025,sentencia,Derecho constitucional,Derecho constitucional | Derecho laboral | Derecho comercial y sociedades,si,laboral=245; comercial y sociedades=8; procesal=3,
sentencia_su_446_2022,sentencia,Derecho constitucional,Derecho constitucional | Derecho laboral | Derecho procesal,si,laboral=90; procesal=8; administrativo=3,
sentencia_su_446_2025,sentencia,Derecho constitucional,Derecho constitucional | Derecho laboral | Derecho de familia,si,laboral=158; de familia=8; procesal=3,
sentencia_su_449_2020,sentencia,Derecho constitucional,Derecho constitucional | Derecho laboral | Derecho administrativo,si,laboral=188; administrativo=27; de familia=7,
sentencia_su_451_2024,sentencia,Derecho constitucional,"Derecho constitucional | Derecho de los mercados [competencia, consumidor, datos personales y propiedad intelectual] | Derecho procesal",si,de los mercados=60; procesal=10; civil=3,
sentencia_su_452_2024,sentencia,Derecho constitucional,Derecho constitucional | Derecho administrativo,si,administrativo=55; civil=3; laboral=2,
sentencia_su_453_2020,sentencia,Derecho constitucional,Derecho constitucional | Derecho penal,si,penal=65; laboral=3; de familia=2,
sentencia_su_454_2020,sentencia,Derecho constitucional,Derecho constitucional | Derecho laboral | Derecho de familia,si,laboral=107; de familia=68; procesal=2,
sentencia_su_454_2025,sentencia,Derecho constitucional,Derecho constitucional | Derecho administrativo,si,administrativo=10; de los mercados=5; laboral=2,
sentencia_su_461_2020,sentencia,Derecho constitucional,Derecho constitucional | Derecho laboral | Derecho de familia,si,laboral=70; de familia=13; procesal=3,
sentencia_su_462_2020,sentencia,Derecho constitucional,Derecho constitucional | Derecho comercial y sociedades | Derecho laboral,si,comercial y sociedades=30; laboral=23; civil=7,
sentencia_su_466_2025,sentencia,Derecho constitucional,Derecho constitucional | Derecho de familia | Derecho laboral,si,de familia=25; laboral=22; de los mercados=2,
sentencia_su_471_2023,sentencia,Derecho constitucional,Derecho constitucional | Derecho laboral | Derecho procesal,si,laboral=87; procesal=13; de familia=5,
sentencia_su_474_2020,sentencia,Derecho constitucional,Derecho constitucional,no,procesal=3; laboral=3; de los mercados=3,
sentencia_su_475_2023,sentencia,Derecho constitucional,Derecho constitucional | Derecho de familia,si,de familia=45; laboral=3; tributario=0,
sentencia_su_478_2024,sentencia,Derecho constitucional,Derecho constitucional | Derecho laboral | Derecho de familia,si,laboral=232; de familia=10; procesal=2,
sentencia_su_47_2026,sentencia,Derecho constitucional,Derecho constitucional | Derecho tributario | Derecho de familia,si,tributario=75; de familia=17; comercial y sociedades=8,
sentencia_su_480_2025,sentencia,Derecho constitucional,Derecho constitucional | Derecho laboral | Derecho de familia,si,laboral=92; de familia=33; administrativo=18,
sentencia_su_484_2024,sentencia,Derecho constitucional,Derecho constitucional | Derecho procesal | Derecho laboral,si,procesal=25; laboral=23; penal=5,
sentencia_su_487_2024,sentencia,Derecho constitucional,Derecho constitucional | Derecho procesal | Derecho administrativo,si,procesal=35; administrativo=15; de los mercados=5,
sentencia_su_488_2020,sentencia,Derecho constitucional,"Derecho constitucional | Derecho de los mercados [competencia, consumidor, datos personales y propiedad intelectual] | Derecho procesal",si,de los mercados=38; procesal=20; penal=12,
sentencia_su_48_2021,sentencia,Derecho constitucional,Derecho constitucional | Derecho penal,si,penal=133; laboral=2; de familia=2,
sentencia_su_48_2022,sentencia,Derecho constitucional,Derecho constitucional,no,procesal=3; laboral=3; de los mercados=3,
sentencia_su_495_2020,sentencia,Derecho constitucional,Derecho constitucional | Derecho penal,si,penal=92; procesal=7; laboral=7,
sentencia_su_499_2024,sentencia,Derecho constitucional,Derecho constitucional | Derecho tributario | Derecho administrativo,si,tributario=62; administrativo=22; procesal=13,
sentencia_su_49_2017,sentencia,Derecho constitucional | Derecho laboral,Derecho constitucional | Derecho laboral,no,laboral=38; tributario=0; procesal=0,
sentencia_su_49_2024,sentencia,Derecho constitucional,Derecho constitucional | Derecho laboral,si,laboral=117; procesal=3; administrativo=3,
sentencia_su_501_2024,sentencia,Derecho constitucional,Derecho constitucional | Derecho procesal,si,procesal=8; laboral=3; administrativo=3,
sentencia_su_502_2025,sentencia,Derecho constitucional,Derecho constitucional | Derecho penal | Derecho procesal,si,penal=28; procesal=8; laboral=7,
sentencia_su_508_2020,sentencia,Derecho constitucional,Derecho constitucional | Derecho laboral | Derecho de familia,si,laboral=10; de familia=10; civil=2,
sentencia_su_50_2022,sentencia,Derecho constitucional,Derecho constitucional | Derecho laboral | Derecho administrativo,si,laboral=187; administrativo=10; procesal=3,
sentencia_su_512_2024,sentencia,Derecho constitucional,Derecho constitucional | Derecho penal | Derecho de familia,si,penal=77; de familia=20; administrativo=5,
sentencia_su_543_2023,sentencia,Derecho constitucional,Derecho constitucional,no,laboral=7; de familia=5; comercial y sociedades=2,
sentencia_su_545_2023,sentencia,Derecho constitucional,Derecho constitucional | Derecho laboral,si,laboral=10; administrativo=7; procesal=2,
sentencia_su_546_2023,sentencia,Derecho constitucional,Derecho constitucional | Derecho penal | Derecho de familia,si,penal=15; de familia=12; laboral=7,
sentencia_su_54_2025,sentencia,Derecho constitucional,Derecho constitucional | Derecho penal | Derecho procesal,si,penal=68; procesal=8; de familia=7,
sentencia_su_56_2025,sentencia,Derecho constitucional,Derecho constitucional | Derecho laboral | Derecho procesal,si,laboral=102; procesal=22; de familia=18,
sentencia_su_59_2024,sentencia,Derecho constitucional,Derecho constitucional | Derecho laboral,si,laboral=8; de familia=2; tributario=0,
sentencia_su_60_2021,sentencia,Derecho constitucional,Derecho constitucional | Derecho laboral | Derecho penal,si,laboral=27; penal=10; procesal=7,
sentencia_su_60_2024,sentencia,Derecho constitucional,Derecho constitucional | Derecho civil | Derecho penal,si,civil=122; penal=12; procesal=8,
sentencia_su_60_2026,sentencia,Derecho constitucional,Derecho constitucional | Derecho penal,si,penal=83; administrativo=5; laboral=3,
sentencia_su_617_2014,sentencia,Derecho constitucional | Derecho de familia,Derecho constitucional | Derecho de familia | Derecho laboral,si,de familia=213; laboral=10; administrativo=10,
sentencia_su_61_2023,sentencia,Derecho constitucional,Derecho constitucional | Derecho laboral,si,laboral=100; administrativo=5; procesal=2,
sentencia_su_62_2023,sentencia,Derecho constitucional,Derecho constitucional | Derecho laboral,si,laboral=107; procesal=7; de familia=2,
sentencia_su_63_2023,sentencia,Derecho constitucional,Derecho constitucional | Derecho laboral | Derecho tributario,si,laboral=200; tributario=8; de los mercados=3,
sentencia_su_63_2025,sentencia,Derecho constitucional,Derecho constitucional | Derecho penal | Derecho procesal,si,penal=177; procesal=12; laboral=5,
sentencia_su_65_2026,sentencia,Derecho constitucional,Derecho constitucional | Derecho laboral | Derecho de familia,si,laboral=130; de familia=8; procesal=3,
sentencia_su_66_2026,sentencia,Derecho constitucional,Derecho constitucional | Derecho civil | Derecho procesal,si,civil=58; procesal=13; administrativo=5,
sentencia_su_67_2022,sentencia,Derecho constitucional,Derecho constitucional | Derecho administrativo,si,administrativo=73; procesal=7; laboral=5,
sentencia_su_67_2023,sentencia,Derecho constitucional,Derecho constitucional | Derecho laboral | Derecho procesal,si,laboral=123; procesal=12; de familia=5,
sentencia_su_68_2022,sentencia,Derecho constitucional,Derecho constitucional | Derecho laboral | Derecho procesal,si,laboral=177; procesal=8; administrativo=7,
sentencia_su_68_2023,sentencia,Derecho constitucional,Derecho constitucional | Derecho procesal | Derecho penal,si,procesal=38; penal=20; laboral=13,
sentencia_su_68_2026,sentencia,Derecho constitucional,Derecho constitucional | Derecho laboral | Derecho de familia,si,laboral=52; de familia=52; tributario=0,
sentencia_su_6_2023,sentencia,Derecho constitucional,Derecho constitucional | Derecho penal | Derecho procesal,si,penal=35; procesal=17; laboral=7,
sentencia_su_70_2025,sentencia,Derecho constitucional,Derecho constitucional | Derecho administrativo,si,administrativo=155; tributario=7; de los mercados=5,
sentencia_su_71_2022,sentencia,Derecho constitucional,Derecho constitucional | Derecho penal | Derecho laboral,si,penal=45; laboral=30; procesal=13,
sentencia_su_72_2024,sentencia,Derecho constitucional,Derecho constitucional | Derecho laboral,si,laboral=125; procesal=5; tributario=0,
sentencia_su_73_2020,sentencia,Derecho constitucional,Derecho constitucional | Derecho laboral | Derecho administrativo,si,laboral=27; administrativo=10; penal=3,
sentencia_su_73_2021,sentencia,Derecho constitucional,Derecho constitucional,no,laboral=5; tributario=0; procesal=0,
sentencia_su_74_2020,sentencia,Derecho constitucional,Derecho constitucional | Derecho de familia | Derecho laboral,si,de familia=10; laboral=8; administrativo=3,
sentencia_su_74_2022,sentencia,Derecho constitucional,Derecho constitucional,no,procesal=5; administrativo=5; de los mercados=3,
sentencia_su_75_2018,sentencia,Derecho constitucional | Derecho laboral,Derecho constitucional | Derecho laboral,no,laboral=232; de familia=7; de los mercados=2,
sentencia_su_76_2022,sentencia,Derecho constitucional,Derecho constitucional | Derecho penal | Derecho procesal,si,penal=110; procesal=10; laboral=10,
sentencia_su_7_2023,sentencia,Derecho constitucional,Derecho constitucional | Derecho penal | Derecho procesal,si,penal=25; procesal=8; laboral=7,
sentencia_su_80_2020,sentencia,Derecho constitucional,Derecho constitucional | Derecho de familia,si,de familia=133; laboral=7; procesal=3,
sentencia_su_81_2020,sentencia,Derecho constitucional,Derecho constitucional | Derecho laboral,si,laboral=8; administrativo=3; de los mercados=2,
sentencia_su_81_2024,sentencia,Derecho constitucional,Derecho constitucional | Derecho penal | Derecho laboral,si,penal=8; laboral=8; procesal=7,
sentencia_su_82_2022,sentencia,Derecho constitucional,Derecho constitucional | Derecho laboral | Derecho administrativo,si,laboral=105; administrativo=8; de los mercados=3,
sentencia_su_82_2026,sentencia,Derecho constitucional,Derecho constitucional | Derecho procesal | Derecho administrativo,si,procesal=10; administrativo=8; laboral=5,
sentencia_su_86_2022,sentencia,Derecho constitucional,"Derecho constitucional | Derecho penal | Derecho de los mercados [competencia, consumidor, datos personales y propiedad intelectual]",si,penal=147; de los mercados=17; laboral=8,
sentencia_su_87_2022,sentencia,Derecho constitucional | Derecho laboral,Derecho constitucional | Derecho laboral,no,laboral=78; tributario=2; procesal=2,
sentencia_su_87_2025,sentencia,Derecho constitucional,Derecho constitucional | Derecho laboral,si,laboral=185; administrativo=2; tributario=0,
sentencia_su_88_2024,sentencia,Derecho constitucional,Derecho constitucional | Derecho penal | Derecho laboral,si,penal=122; laboral=10; procesal=3,
sentencia_su_88_2025,sentencia,Derecho constitucional,Derecho constitucional | Derecho civil | Derecho laboral,si,civil=212; laboral=22; de familia=3,
sentencia_su_91_2023,sentencia,Derecho constitucional,Derecho constitucional,no,laboral=5; tributario=3; penal=3,
sentencia_su_92_2021,sentencia,Derecho constitucional,Derecho constitucional | Derecho de familia,si,de familia=22; administrativo=7; civil=3,
sentencia_t_102_2026,sentencia,Derecho constitucional,Derecho constitucional | Derecho civil | Derecho de familia,si,civil=123; de familia=8; procesal=7,
sentencia_t_103_2026,sentencia,Derecho constitucional,Derecho constitucional | Derecho de familia | Derecho civil,si,de familia=40; civil=37; procesal=8,
sentencia_t_104_2025,sentencia,Derecho constitucional,Derecho constitucional | Derecho laboral,si,laboral=55; administrativo=5; penal=2,
sentencia_t_104_2026,sentencia,Derecho constitucional,Derecho constitucional | Derecho laboral | Derecho administrativo,si,laboral=58; administrativo=22; de los mercados=2,
sentencia_t_105_2025,sentencia,Derecho constitucional,Derecho constitucional | Derecho civil,si,civil=12; laboral=2; administrativo=2,
sentencia_t_105_2026,sentencia,Derecho constitucional,Derecho constitucional | Derecho de familia | Derecho procesal,si,de familia=18; procesal=10; penal=2,
sentencia_t_106_2025,sentencia,Derecho constitucional,Derecho constitucional | Derecho de familia,si,de familia=13; penal=2; laboral=2,
sentencia_t_106_2026,sentencia,Derecho constitucional,Derecho constitucional | Derecho civil,si,civil=23; de familia=5; laboral=3,
sentencia_t_107_2025,sentencia,Derecho constitucional,Derecho constitucional | Derecho penal,si,penal=28; laboral=7; administrativo=7,
sentencia_t_107_2026,sentencia,Derecho constitucional,Derecho constitucional | Derecho de familia,si,de familia=30; laboral=7; civil=5,
sentencia_t_108_2025,sentencia,Derecho constitucional,Derecho constitucional | Derecho de familia,si,de familia=57; administrativo=3; laboral=2,
sentencia_t_108_2026,sentencia,Derecho constitucional,Derecho constitucional | Derecho de familia | Derecho administrativo,si,de familia=110; administrativo=8; laboral=2,
sentencia_t_109_2025,sentencia,Derecho constitucional,Derecho constitucional | Derecho laboral,si,laboral=157; de los mercados=3; administrativo=2,
sentencia_t_109_2026,sentencia,Derecho constitucional,Derecho constitucional | Derecho penal | Derecho laboral,si,penal=33; laboral=12; de familia=8,
sentencia_t_10_2025,sentencia,Derecho constitucional,Derecho constitucional,no,laboral=5; de familia=3; tributario=0,
sentencia_t_10_2026,sentencia,Derecho constitucional,Derecho constitucional | Derecho administrativo,si,administrativo=82; de familia=7; procesal=5,
sentencia_t_110_2026,sentencia,Derecho constitucional,Derecho constitucional | Derecho laboral | Derecho penal,si,laboral=22; penal=8; de familia=7,
sentencia_t_111_2026,sentencia,Derecho constitucional,Derecho constitucional | Derecho laboral | Derecho de familia,si,laboral=168; de familia=20; administrativo=10,
sentencia_t_112_2026,sentencia,Derecho constitucional,Derecho constitucional | Derecho de familia,si,de familia=35; laboral=7; civil=2,
sentencia_t_113_2025,sentencia,Derecho constitucional,Derecho constitucional | Derecho comercial y sociedades | Derecho penal,si,comercial y sociedades=58; penal=22; de los mercados=18,
sentencia_t_113_2026,sentencia,Derecho constitucional,Derecho constitucional | Derecho laboral | Derecho procesal,si,laboral=88; procesal=17; tributario=0,
sentencia_t_114_2025,sentencia,Derecho constitucional,Derecho constitucional | Derecho penal,si,penal=47; laboral=3; procesal=2,
sentencia_t_115_2025,sentencia,Derecho constitucional,Derecho constitucional | Derecho penal | Derecho laboral,si,penal=33; laboral=25; de los mercados=5,
sentencia_t_116_2025,sentencia,Derecho constitucional,Derecho constitucional | Derecho penal | Derecho laboral,si,penal=75; laboral=10; procesal=7,
sentencia_t_117_2025,sentencia,Derecho constitucional,Derecho constitucional | Derecho penal | Derecho de familia,si,penal=23; de familia=12; de los mercados=10,
sentencia_t_118_2025,sentencia,Derecho constitucional,Derecho constitucional | Derecho laboral | Derecho administrativo,si,laboral=117; administrativo=73; civil=5,
sentencia_t_119_2026,sentencia,Derecho constitucional,Derecho constitucional | Derecho laboral,si,laboral=222; de familia=5; administrativo=3,
sentencia_t_11_2025,sentencia,Derecho constitucional,Derecho constitucional | Derecho de familia | Derecho laboral,si,de familia=53; laboral=18; de los mercados=2,
sentencia_t_11_2026,sentencia,Derecho constitucional,Derecho constitucional | Derecho administrativo | Derecho laboral,si,administrativo=20; laboral=12; de familia=7,
sentencia_t_120_2025,sentencia,Derecho constitucional,Derecho constitucional | Derecho tributario | Derecho administrativo,si,tributario=105; administrativo=15; procesal=10,
sentencia_t_122_2025,sentencia,Derecho constitucional,Derecho constitucional | Derecho administrativo | Derecho de familia,si,administrativo=65; de familia=38; laboral=30,
sentencia_t_122_2026,sentencia,Derecho constitucional,Derecho constitucional | Derecho de familia | Derecho laboral,si,de familia=40; laboral=13; tributario=0,
sentencia_t_123_2025,sentencia,Derecho constitucional,Derecho constitucional | Derecho laboral,si,laboral=78; de familia=2; civil=2,
sentencia_t_123_2026,sentencia,Derecho constitucional,Derecho constitucional | Derecho laboral,si,laboral=85; de familia=2; comercial y sociedades=2,
sentencia_t_124_2025,sentencia,Derecho constitucional,Derecho constitucional | Derecho laboral | Derecho de familia,si,laboral=20; de familia=10; de los mercados=2,
sentencia_t_124_2026,sentencia,Derecho constitucional,Derecho constitucional | Derecho de familia | Derecho procesal,si,de familia=198; procesal=25; laboral=5,
sentencia_t_125_2025,sentencia,Derecho constitucional,"Derecho constitucional | Derecho de los mercados [competencia, consumidor, datos personales y propiedad intelectual] | Derecho penal",si,de los mercados=63; penal=50; laboral=5,
sentencia_t_125_2026,sentencia,Derecho constitucional,Derecho constitucional | Derecho laboral,si,laboral=8; tributario=2; de los mercados=2,
sentencia_t_126_2026,sentencia,Derecho constitucional,Derecho constitucional,no,de familia=5; laboral=2; tributario=0,
sentencia_t_127_2026,sentencia,Derecho constitucional,Derecho constitucional,no,de familia=3; laboral=2; administrativo=2,
sentencia_t_128_2026,sentencia,Derecho constitucional,Derecho constitucional,no,de familia=5; procesal=3; de los mercados=3,
sentencia_t_129_2011,sentencia,Derecho constitucional,Derecho constitucional,no,civil=3; laboral=2; de los mercados=2,
sentencia_t_12_2025,sentencia,Derecho constitucional,Derecho constitucional | Derecho civil,si,civil=23; laboral=5; de familia=5,
sentencia_t_12_2026,sentencia,Derecho constitucional,Derecho constitucional | Derecho penal | Derecho laboral,si,penal=45; laboral=15; procesal=7,
sentencia_t_131_2025,sentencia,Derecho constitucional,Derecho constitucional | Derecho laboral | Derecho de familia,si,laboral=13; de familia=10; de los mercados=2,
sentencia_t_131_2026,sentencia,Derecho constitucional,"Derecho constitucional | Derecho de los mercados [competencia, consumidor, datos personales y propiedad intelectual]",si,de los mercados=37; comercial y sociedades=3; tributario=2,
sentencia_t_132_2025,sentencia,Derecho constitucional,Derecho constitucional | Derecho laboral | Derecho de familia,si,laboral=68; de familia=13; de los mercados=7,
sentencia_t_132_2026,sentencia,Derecho constitucional,Derecho constitucional | Derecho de familia | Derecho laboral,si,de familia=115; laboral=108; civil=2,
sentencia_t_133_2025,sentencia,Derecho constitucional,Derecho constitucional | Derecho de familia,si,de familia=27; laboral=7; comercial y sociedades=3,
sentencia_t_133_2026,sentencia,Derecho constitucional,Derecho constitucional | Derecho laboral | Derecho administrativo,si,laboral=13; administrativo=12; procesal=8,
sentencia_t_134_2025,sentencia,Derecho constitucional,Derecho constitucional | Derecho de familia,si,de familia=17; procesal=2; laboral=2,
sentencia_t_134_2026,sentencia,Derecho constitucional,Derecho constitucional | Derecho de familia,si,de familia=32; procesal=3; tributario=0,
sentencia_t_135_2025,sentencia,Derecho constitucional,Derecho constitucional,no,laboral=7; de los mercados=2; tributario=0,
sentencia_t_135_2026,sentencia,Derecho constitucional,Derecho constitucional | Derecho administrativo,si,administrativo=40; de familia=7; civil=3,
sentencia_t_136_2025,sentencia,Derecho constitucional,Derecho constitucional | Derecho laboral,si,laboral=10; de los mercados=2; de familia=2,
sentencia_t_136_2026,sentencia,Derecho constitucional,Derecho constitucional | Derecho de familia | Derecho laboral,si,de familia=117; laboral=13; administrativo=2,
sentencia_t_137_2025,sentencia,Derecho constitucional,Derecho constitucional | Derecho laboral | Derecho administrativo,si,laboral=103; administrativo=27; civil=15,
sentencia_t_137_2026,sentencia,Derecho constitucional,Derecho constitucional | Derecho comercial y sociedades | Derecho laboral,si,comercial y sociedades=63; laboral=40; procesal=3,
sentencia_t_138_2026,sentencia,Derecho constitucional,Derecho constitucional | Derecho laboral,si,laboral=30; tributario=0; procesal=0,
sentencia_t_139_2025,sentencia,Derecho constitucional,Derecho constitucional | Derecho laboral | Derecho de familia,si,laboral=120; de familia=13; administrativo=7,
sentencia_t_13_2025,sentencia,Derecho constitucional,Derecho constitucional | Derecho administrativo | Derecho penal,si,administrativo=72; penal=22; procesal=8,
sentencia_t_13_2026,sentencia,Derecho constitucional,Derecho constitucional | Derecho laboral | Derecho de familia,si,laboral=88; de familia=12; tributario=0,
sentencia_t_140_2025,sentencia,Derecho constitucional,Derecho constitucional | Derecho administrativo,si,administrativo=33; de los mercados=5; civil=3,
sentencia_t_141_2025,sentencia,Derecho constitucional,Derecho constitucional | Derecho laboral,si,laboral=10; procesal=5; civil=3,
sentencia_t_141_2026,sentencia,Derecho constitucional,Derecho constitucional,no,de los mercados=5; laboral=2; civil=2,
sentencia_t_144_2025,sentencia,Derecho constitucional,Derecho constitucional | Derecho de familia | Derecho laboral,si,de familia=160; laboral=10; penal=7,
sentencia_t_145_2025,sentencia,Derecho constitucional,Derecho constitucional | Derecho de familia | Derecho administrativo,si,de familia=110; administrativo=23; procesal=7,
sentencia_t_145_2026,sentencia,Derecho constitucional,Derecho constitucional | Derecho administrativo | Derecho civil,si,administrativo=30; civil=8; laboral=3,
sentencia_t_146_2025,sentencia,Derecho constitucional,Derecho constitucional | Derecho laboral,si,laboral=68; procesal=7; administrativo=7,
sentencia_t_146_2026,sentencia,Derecho constitucional,Derecho constitucional | Derecho laboral | Derecho de familia,si,laboral=93; de familia=57; procesal=12,
sentencia_t_147_2025,sentencia,Derecho constitucional,Derecho constitucional | Derecho laboral | Derecho procesal,si,laboral=23; procesal=12; de familia=8,
sentencia_t_147_2026,sentencia,Derecho constitucional,Derecho constitucional | Derecho penal | Derecho de familia,si,penal=50; de familia=45; procesal=8,
sentencia_t_148_2026,sentencia,Derecho constitucional,"Derecho constitucional | Derecho de los mercados [competencia, consumidor, datos personales y propiedad intelectual]",si,de los mercados=12; laboral=7; comercial y sociedades=7,
sentencia_t_149_2025,sentencia,Derecho constitucional,Derecho constitucional | Derecho administrativo,si,administrativo=20; laboral=3; de familia=2,
sentencia_t_149_2026,sentencia,Derecho constitucional,Derecho constitucional | Derecho de familia,si,de familia=80; laboral=5; administrativo=5,
sentencia_t_14_2025,sentencia,Derecho constitucional,Derecho constitucional | Derecho laboral | Derecho procesal,si,laboral=15; procesal=12; penal=7,
sentencia_t_14_2026,sentencia,Derecho constitucional,Derecho constitucional | Derecho laboral | Derecho de familia,si,laboral=125; de familia=10; civil=3,
sentencia_t_150_2025,sentencia,Derecho constitucional,Derecho constitucional | Derecho de familia,si,de familia=27; laboral=7; administrativo=5,
sentencia_t_150_2026,sentencia,Derecho constitucional,Derecho constitucional | Derecho de familia | Derecho laboral,si,de familia=57; laboral=23; administrativo=3,
sentencia_t_151_2025,sentencia,Derecho constitucional,Derecho constitucional | Derecho procesal | Derecho civil,si,procesal=13; civil=13; penal=5,
sentencia_t_151_2026,sentencia,Derecho constitucional,Derecho constitucional | Derecho de familia | Derecho laboral,si,de familia=53; laboral=18; penal=7,
sentencia_t_152_2025,sentencia,Derecho constitucional,Derecho constitucional | Derecho de familia | Derecho laboral,si,de familia=12; laboral=10; de los mercados=2,
sentencia_t_152_2026,sentencia,Derecho constitucional,Derecho constitucional | Derecho laboral,si,laboral=13; tributario=0; procesal=0,
sentencia_t_153_1998,sentencia,Derecho constitucional | Derecho penal,Derecho constitucional | Derecho penal | Derecho laboral,si,penal=62; laboral=17; de familia=5,
sentencia_t_153_2025,sentencia,Derecho constitucional,Derecho constitucional | Derecho de familia | Derecho procesal,si,de familia=187; procesal=10; administrativo=7,
sentencia_t_153_2026,sentencia,Derecho constitucional,Derecho constitucional | Derecho civil | Derecho procesal,si,civil=37; procesal=12; de familia=8,
sentencia_t_154_2026,sentencia,Derecho constitucional,Derecho constitucional | Derecho penal | Derecho laboral,si,penal=23; laboral=12; tributario=0,
sentencia_t_155_2025,sentencia,Derecho constitucional,Derecho constitucional | Derecho laboral,si,laboral=125; de los mercados=2; de familia=2,
sentencia_t_155_2026,sentencia,Derecho constitucional,Derecho constitucional | Derecho laboral,si,laboral=285; de los mercados=7; administrativo=7,
sentencia_t_156_2025,sentencia,Derecho constitucional,Derecho constitucional | Derecho de familia | Derecho procesal,si,de familia=47; procesal=12; laboral=3,
sentencia_t_156_2026,sentencia,Derecho constitucional,Derecho constitucional | Derecho laboral | Derecho de familia,si,laboral=155; de familia=62; procesal=8,
sentencia_t_157_2025,sentencia,Derecho constitucional,Derecho constitucional | Derecho laboral,si,laboral=153; procesal=5; civil=3,
sentencia_t_157_2026,sentencia,Derecho constitucional,Derecho constitucional | Derecho de familia | Derecho civil,si,de familia=18; civil=10; laboral=8,
sentencia_t_158_2025,sentencia,Derecho constitucional,Derecho constitucional | Derecho de familia | Derecho laboral,si,de familia=40; laboral=13; tributario=0,
sentencia_t_158_2026,sentencia,Derecho constitucional,"Derecho constitucional | Derecho de los mercados [competencia, consumidor, datos personales y propiedad intelectual]",si,de los mercados=43; laboral=7; tributario=2,
sentencia_t_159_2025,sentencia,Derecho constitucional,Derecho constitucional,no,de familia=7; laboral=3; de los mercados=3,
sentencia_t_159_2026,sentencia,Derecho constitucional,"Derecho constitucional | Derecho de los mercados [competencia, consumidor, datos personales y propiedad intelectual]",si,de los mercados=15; penal=3; procesal=2,
sentencia_t_15_2025,sentencia,Derecho constitucional,Derecho constitucional | Derecho penal | Derecho de familia,si,penal=37; de familia=8; laboral=7,
sentencia_t_160_2025,sentencia,Derecho constitucional,Derecho constitucional | Derecho laboral | Derecho procesal,si,laboral=207; procesal=10; administrativo=7,
sentencia_t_160_2026,sentencia,Derecho constitucional,Derecho constitucional | Derecho administrativo | Derecho civil,si,administrativo=100; civil=47; laboral=7,
sentencia_t_161_2025,sentencia,Derecho constitucional,Derecho constitucional,no,de familia=3; civil=3; laboral=2,
sentencia_t_161_2026,sentencia,Derecho constitucional,Derecho constitucional | Derecho laboral,si,laboral=185; procesal=5; tributario=2,
sentencia_t_162_2025,sentencia,Derecho constitucional,Derecho constitucional | Derecho laboral,si,laboral=178; procesal=3; civil=3,
sentencia_t_162_2026,sentencia,Derecho constitucional,Derecho constitucional | Derecho de familia,si,de familia=18; laboral=3; tributario=0,
sentencia_t_163_2025,sentencia,Derecho constitucional,Derecho constitucional,no,laboral=5; procesal=3; de familia=3,
sentencia_t_163_2026,sentencia,Derecho constitucional,Derecho constitucional,no,de familia=3; tributario=2; de los mercados=2,
sentencia_t_164_2025,sentencia,Derecho constitucional,Derecho constitucional | Derecho laboral | Derecho de familia,si,laboral=120; de familia=40; civil=7,
sentencia_t_165_2025,sentencia,Derecho constitucional,Derecho constitucional | Derecho laboral,si,laboral=22; tributario=2; procesal=0,
sentencia_t_166_2025,sentencia,Derecho constitucional,Derecho constitucional | Derecho laboral | Derecho comercial y sociedades,si,laboral=157; comercial y sociedades=15; de familia=2,
sentencia_t_167_2025,sentencia,Derecho constitucional,Derecho constitucional | Derecho laboral | Derecho de familia,si,laboral=12; de familia=12; de los mercados=3,
sentencia_t_168_2025,sentencia,Derecho constitucional,Derecho constitucional | Derecho procesal | Derecho laboral,si,procesal=10; laboral=10; tributario=0,
sentencia_t_169_2025,sentencia,Derecho constitucional,Derecho constitucional | Derecho laboral | Derecho de familia,si,laboral=185; de familia=22; administrativo=8,
sentencia_t_16_2025,sentencia,Derecho constitucional,Derecho constitucional | Derecho laboral | Derecho de familia,si,laboral=13; de familia=10; tributario=0,
sentencia_t_170_2025,sentencia,Derecho constitucional,"Derecho constitucional | Derecho de los mercados [competencia, consumidor, datos personales y propiedad intelectual] | Derecho de familia",si,de los mercados=45; de familia=18; laboral=13,
sentencia_t_171_2025,sentencia,Derecho constitucional,Derecho constitucional | Derecho de familia,si,de familia=27; laboral=5; tributario=0,
sentencia_t_172_2025,sentencia,Derecho constitucional,Derecho constitucional | Derecho procesal | Derecho penal,si,procesal=27; penal=25; administrativo=12,
sentencia_t_173_2025,sentencia,Derecho constitucional,Derecho constitucional | Derecho penal | Derecho laboral,si,penal=53; laboral=30; de los mercados=30,
sentencia_t_173_2026,sentencia,Derecho constitucional,Derecho constitucional | Derecho de familia | Derecho administrativo,si,de familia=135; administrativo=25; penal=12,
sentencia_t_174_2026,sentencia,Derecho constitucional,"Derecho constitucional | Derecho de los mercados [competencia, consumidor, datos personales y propiedad intelectual]",si,de los mercados=65; laboral=7; penal=5,
sentencia_t_175_2026,sentencia,Derecho constitucional,Derecho constitucional | Derecho de familia | Derecho procesal,si,de familia=38; procesal=13; laboral=7,
sentencia_t_176_2026,sentencia,Derecho constitucional,"Derecho constitucional | Derecho laboral | Derecho de los mercados [competencia, consumidor, datos personales y propiedad intelectual]",si,laboral=17; de los mercados=17; de familia=7,
sentencia_t_177_2025,sentencia,Derecho constitucional,Derecho constitucional | Derecho procesal | Derecho de familia,si,procesal=42; de familia=32; laboral=12,
sentencia_t_177_2026,sentencia,Derecho constitucional,Derecho constitucional | Derecho de familia | Derecho laboral,si,de familia=200; laboral=83; comercial y sociedades=7,
sentencia_t_178_2025,sentencia,Derecho constitucional,Derecho constitucional,no,laboral=7; de familia=5; tributario=0,
sentencia_t_178_2026,sentencia,Derecho constitucional,Derecho constitucional | Derecho laboral,si,laboral=93; de familia=7; tributario=3,
sentencia_t_179_2025,sentencia,Derecho constitucional,Derecho constitucional,no,de los mercados=2; de familia=2; tributario=0,
sentencia_t_179_2026,sentencia,Derecho constitucional,Derecho constitucional | Derecho administrativo | Derecho penal,si,administrativo=13; penal=12; de familia=8,
sentencia_t_17_2025,sentencia,Derecho constitucional,Derecho constitucional | Derecho de familia,si,de familia=142; laboral=3; procesal=2,
sentencia_t_180_2026,sentencia,Derecho constitucional,Derecho constitucional | Derecho laboral | Derecho de familia,si,laboral=113; de familia=50; tributario=2,
sentencia_t_181_2026,sentencia,Derecho constitucional,Derecho constitucional | Derecho de familia,si,de familia=13; laboral=3; tributario=0,
sentencia_t_182_2026,sentencia,Derecho constitucional,Derecho constitucional | Derecho de familia,si,de familia=23; laboral=5; comercial y sociedades=2,
sentencia_t_183_2026,sentencia,Derecho constitucional,Derecho constitucional | Derecho de familia,si,de familia=162; laboral=3; procesal=2,
sentencia_t_184_2026,sentencia,Derecho constitucional,"Derecho constitucional | Derecho de los mercados [competencia, consumidor, datos personales y propiedad intelectual]",si,de los mercados=10; de familia=5; penal=3,
sentencia_t_185_2025,sentencia,Derecho constitucional,Derecho constitucional | Derecho civil | Derecho administrativo,si,civil=13; administrativo=13; penal=8,
sentencia_t_185_2026,sentencia,Derecho constitucional,Derecho constitucional | Derecho laboral,si,laboral=222; de familia=7; administrativo=5,
sentencia_t_186_2025,sentencia,Derecho constitucional,Derecho constitucional | Derecho de familia | Derecho laboral,si,de familia=57; laboral=13; tributario=0,
sentencia_t_186_2026,sentencia,Derecho constitucional,Derecho constitucional | Derecho de familia | Derecho administrativo,si,de familia=53; administrativo=32; laboral=3,
sentencia_t_187_2025,sentencia,Derecho constitucional,Derecho constitucional,no,laboral=5; de familia=5; procesal=3,
sentencia_t_187_2026,sentencia,Derecho constitucional,Derecho constitucional | Derecho laboral | Derecho de familia,si,laboral=25; de familia=23; procesal=7,
sentencia_t_188_2025,sentencia,Derecho constitucional,Derecho constitucional | Derecho de familia | Derecho penal,si,de familia=77; penal=8; laboral=5,
sentencia_t_188_2026,sentencia,Derecho constitucional,Derecho constitucional | Derecho civil | Derecho penal,si,civil=12; penal=8; laboral=8,
sentencia_t_189_2025,sentencia,Derecho constitucional,Derecho constitucional,no,administrativo=7; laboral=5; civil=2,
sentencia_t_189_2026,sentencia,Derecho constitucional,Derecho constitucional | Derecho comercial y sociedades,si,comercial y sociedades=12; de familia=4; administrativo=4,
sentencia_t_190_2025,sentencia,Derecho constitucional,Derecho constitucional | Derecho de familia,si,de familia=102; penal=5; laboral=5,
sentencia_t_190_2026,sentencia,Derecho constitucional,Derecho constitucional | Derecho de familia | Derecho laboral,si,de familia=38; laboral=8; procesal=5,
sentencia_t_193_2025,sentencia,Derecho constitucional,Derecho constitucional | Derecho de familia | Derecho laboral,si,de familia=22; laboral=13; administrativo=2,
sentencia_t_193_2026,sentencia,Derecho constitucional,Derecho constitucional | Derecho de familia | Derecho procesal,si,de familia=93; procesal=25; civil=2,
sentencia_t_194_2025,sentencia,Derecho constitucional,"Derecho constitucional | Derecho de familia | Derecho de los mercados [competencia, consumidor, datos personales y propiedad intelectual]",si,de familia=27; de los mercados=12; civil=8,
sentencia_t_195_2025,sentencia,Derecho constitucional,Derecho constitucional | Derecho de familia | Derecho penal,si,de familia=105; penal=13; laboral=10,
sentencia_t_198_2026,sentencia,Derecho constitucional,Derecho constitucional | Derecho civil | Derecho administrativo,si,civil=45; administrativo=13; laboral=7,
sentencia_t_199_2025,sentencia,Derecho constitucional,Derecho constitucional | Derecho de familia | Derecho laboral,si,de familia=22; laboral=18; tributario=0,
sentencia_t_199_2026,sentencia,Derecho constitucional,Derecho constitucional | Derecho procesal,si,procesal=10; tributario=2; de familia=2,
sentencia_t_19_2025,sentencia,Derecho constitucional,Derecho constitucional | Derecho de familia | Derecho laboral,si,de familia=60; laboral=8; civil=2,
sentencia_t_19_2026,sentencia,Derecho constitucional,Derecho constitucional | Derecho laboral,si,laboral=18; procesal=7; de los mercados=3,
sentencia_t_1_2025,sentencia,Derecho constitucional,Derecho constitucional | Derecho penal | Derecho procesal,si,penal=27; procesal=18; de familia=17,
sentencia_t_1_2026,sentencia,Derecho constitucional,Derecho constitucional | Derecho laboral,si,laboral=132; procesal=7; civil=3,
sentencia_t_200_2025,sentencia,Derecho constitucional,Derecho constitucional | Derecho laboral,si,laboral=25; de familia=3; de los mercados=2,
sentencia_t_200_2026,sentencia,Derecho constitucional,Derecho constitucional | Derecho laboral | Derecho procesal,si,laboral=252; procesal=32; de familia=12,
sentencia_t_201_2025,sentencia,Derecho constitucional,Derecho constitucional | Derecho laboral,si,laboral=145; de familia=5; procesal=2,
sentencia_t_201_2026,sentencia,Derecho constitucional,Derecho constitucional | Derecho de familia,si,de familia=8; laboral=5; administrativo=5,
sentencia_t_202_2025,sentencia,Derecho constitucional,Derecho constitucional | Derecho penal | Derecho administrativo,si,penal=35; administrativo=28; procesal=15,
sentencia_t_202_2026,sentencia,Derecho constitucional,Derecho constitucional,no,penal=7; laboral=7; administrativo=5,
sentencia_t_203_2025,sentencia,Derecho constitucional,"Derecho constitucional | Derecho de los mercados [competencia, consumidor, datos personales y propiedad intelectual] | Derecho penal",si,de los mercados=75; penal=30; tributario=3,
sentencia_t_203_2026,sentencia,Derecho constitucional,Derecho constitucional | Derecho de familia | Derecho laboral,si,de familia=57; laboral=8; administrativo=8,
sentencia_t_204_2026,sentencia,Derecho constitucional,Derecho constitucional | Derecho de familia,si,de familia=38; administrativo=3; laboral=2,
sentencia_t_205_2026,sentencia,Derecho constitucional,Derecho constitucional | Derecho administrativo,si,administrativo=12; penal=2; laboral=2,
sentencia_t_206_2026,sentencia,Derecho constitucional,Derecho constitucional | Derecho laboral,si,laboral=12; procesal=2; de familia=2,
sentencia_t_207_2026,sentencia,Derecho constitucional,Derecho constitucional | Derecho civil | Derecho de familia,si,civil=112; de familia=12; administrativo=7,
sentencia_t_208_2026,sentencia,Derecho constitucional,"Derecho constitucional | Derecho de los mercados [competencia, consumidor, datos personales y propiedad intelectual] | Derecho administrativo",si,de los mercados=50; administrativo=27; de familia=2,
sentencia_t_20_2025,sentencia,Derecho constitucional,Derecho constitucional | Derecho laboral | Derecho de familia,si,laboral=103; de familia=10; tributario=2,
sentencia_t_210_2025,sentencia,Derecho constitucional,Derecho constitucional | Derecho procesal | Derecho administrativo,si,procesal=8; administrativo=8; laboral=5,
sentencia_t_211_2025,sentencia,Derecho constitucional,Derecho constitucional | Derecho comercial y sociedades | Derecho laboral,si,comercial y sociedades=23; laboral=12; procesal=5,
sentencia_t_212_2025,sentencia,Derecho constitucional,Derecho constitucional | Derecho laboral | Derecho tributario,si,laboral=193; tributario=47; de los mercados=2,
sentencia_t_213_2025,sentencia,Derecho constitucional,Derecho constitucional | Derecho laboral,si,laboral=28; de familia=5; administrativo=5,
sentencia_t_213_2026,sentencia,Derecho constitucional,Derecho constitucional | Derecho laboral,si,laboral=107; administrativo=2; tributario=0,
sentencia_t_214_2025,sentencia,Derecho constitucional,Derecho constitucional | Derecho laboral | Derecho de familia,si,laboral=178; de familia=10; procesal=8,
sentencia_t_214_2026,sentencia,Derecho constitucional,Derecho constitucional | Derecho penal | Derecho administrativo,si,penal=18; administrativo=17; laboral=8,
sentencia_t_215_2026,sentencia,Derecho constitucional,Derecho constitucional | Derecho de familia | Derecho laboral,si,de familia=42; laboral=8; administrativo=2,
sentencia_t_216_2026,sentencia,Derecho constitucional,Derecho constitucional | Derecho laboral,si,laboral=102; procesal=2; penal=2,
sentencia_t_21_2025,sentencia,Derecho constitucional,"Derecho constitucional | Derecho laboral | Derecho de los mercados [competencia, consumidor, datos personales y propiedad intelectual]",si,laboral=163; de los mercados=35; administrativo=25,
sentencia_t_222_2026,sentencia,Derecho constitucional,Derecho constitucional | Derecho penal,si,penal=78; laboral=7; procesal=5,
sentencia_t_223_2026,sentencia,Derecho constitucional,Derecho constitucional | Derecho laboral | Derecho de familia,si,laboral=15; de familia=8; de los mercados=3,
sentencia_t_224_2026,sentencia,Derecho constitucional,Derecho constitucional | Derecho de familia,si,de familia=53; laboral=2; civil=2,
sentencia_t_225_2026,sentencia,Derecho constitucional,Derecho constitucional | Derecho laboral | Derecho administrativo,si,laboral=118; administrativo=22; de familia=10,
sentencia_t_226_2025,sentencia,Derecho constitucional,Derecho constitucional | Derecho de familia | Derecho laboral,si,de familia=28; laboral=8; de los mercados=2,
sentencia_t_226_2026,sentencia,Derecho constitucional,Derecho constitucional,no,de los mercados=7; laboral=5; de familia=3,
sentencia_t_227_2025,sentencia,Derecho constitucional,Derecho constitucional | Derecho penal | Derecho de familia,si,penal=32; de familia=12; administrativo=7,
sentencia_t_227_2026,sentencia,Derecho constitucional,Derecho constitucional | Derecho de familia | Derecho procesal,si,de familia=32; procesal=8; civil=3,
sentencia_t_228_2025,sentencia,Derecho constitucional,Derecho constitucional,no,procesal=7; laboral=5; de los mercados=5,
sentencia_t_228_2026,sentencia,Derecho constitucional,Derecho constitucional,no,de familia=3; tributario=2; procesal=0,
sentencia_t_229_2025,sentencia,Derecho constitucional,Derecho constitucional | Derecho penal | Derecho laboral,si,penal=63; laboral=37; administrativo=23,
sentencia_t_229_2026,sentencia,Derecho constitucional,Derecho constitucional | Derecho de familia | Derecho penal,si,de familia=88; penal=8; procesal=3,
sentencia_t_22_2025,sentencia,Derecho constitucional,"Derecho constitucional | Derecho laboral | Derecho de los mercados [competencia, consumidor, datos personales y propiedad intelectual]",si,laboral=27; de los mercados=15; de familia=3,
sentencia_t_22_2026,sentencia,Derecho constitucional,Derecho constitucional | Derecho de familia,si,de familia=10; laboral=7; tributario=0,
sentencia_t_230_2025,sentencia,Derecho constitucional,"Derecho constitucional | Derecho de los mercados [competencia, consumidor, datos personales y propiedad intelectual]",si,de los mercados=10; administrativo=3; tributario=0,
sentencia_t_230_2026,sentencia,Derecho constitucional,Derecho constitucional | Derecho penal | Derecho de familia,si,penal=13; de familia=12; laboral=10,
sentencia_t_231_2026,sentencia,Derecho constitucional,Derecho constitucional | Derecho de familia | Derecho administrativo,si,de familia=42; administrativo=10; civil=3,
sentencia_t_232_2026,sentencia,Derecho constitucional,Derecho constitucional | Derecho de familia | Derecho laboral,si,de familia=77; laboral=42; tributario=0,
sentencia_t_233_2025,sentencia,Derecho constitucional,Derecho constitucional | Derecho de familia | Derecho administrativo,si,de familia=55; administrativo=45; laboral=10,
sentencia_t_233_2026,sentencia,Derecho constitucional,Derecho constitucional | Derecho procesal | Derecho civil,si,procesal=23; civil=15; tributario=0,
sentencia_t_234_2025,sentencia,Derecho constitucional,Derecho constitucional | Derecho de familia,si,de familia=8; laboral=3; de los mercados=3,
sentencia_t_234_2026,sentencia,Derecho constitucional,Derecho constitucional | Derecho de familia | Derecho laboral,si,de familia=215; laboral=103; procesal=3,
sentencia_t_235_2025,sentencia,Derecho constitucional,Derecho constitucional | Derecho administrativo,si,administrativo=170; procesal=2; laboral=2,
sentencia_t_235_2026,sentencia,Derecho constitucional,Derecho constitucional | Derecho laboral | Derecho procesal,si,laboral=208; procesal=20; administrativo=8,
sentencia_t_236_2025,sentencia,Derecho constitucional,"Derecho constitucional | Derecho de los mercados [competencia, consumidor, datos personales y propiedad intelectual]",si,de los mercados=23; laboral=5; civil=3,
sentencia_t_236_2026,sentencia,Derecho constitucional,Derecho constitucional | Derecho civil,si,civil=32; de familia=7; procesal=3,
sentencia_t_237_2025,sentencia,Derecho constitucional,Derecho constitucional | Derecho laboral,si,laboral=13; de familia=5; administrativo=3,
sentencia_t_237_2026,sentencia,Derecho constitucional,Derecho constitucional | Derecho laboral,si,laboral=10; administrativo=7; de familia=5,
sentencia_t_238_2025,sentencia,Derecho constitucional,"Derecho constitucional | Derecho de los mercados [competencia, consumidor, datos personales y propiedad intelectual]",si,de los mercados=8; procesal=2; laboral=2,
sentencia_t_238_2026,sentencia,Derecho constitucional,Derecho constitucional | Derecho de familia,si,de familia=12; laboral=7; tributario=0,
sentencia_t_239_2025,sentencia,Derecho constitucional,Derecho constitucional | Derecho laboral | Derecho de familia,si,laboral=155; de familia=15; procesal=3,
sentencia_t_239_2026,sentencia,Derecho constitucional,Derecho constitucional | Derecho civil,si,civil=35; de familia=7; laboral=3,
sentencia_t_23_2025,sentencia,Derecho constitucional,Derecho constitucional | Derecho laboral | Derecho procesal,si,laboral=67; procesal=27; comercial y sociedades=5,
sentencia_t_23_2026,sentencia,Derecho constitucional,Derecho constitucional | Derecho laboral | Derecho de familia,si,laboral=142; de familia=72; administrativo=32,
sentencia_t_240_2026,sentencia,Derecho constitucional,"Derecho constitucional | Derecho laboral | Derecho de los mercados [competencia, consumidor, datos personales y propiedad intelectual]",si,laboral=35; de los mercados=23; de familia=3,
sentencia_t_241_2025,sentencia,Derecho constitucional,Derecho constitucional | Derecho laboral,si,laboral=235; de familia=2; administrativo=2,
sentencia_t_241_2026,sentencia,Derecho constitucional,"Derecho constitucional | Derecho de los mercados [competencia, consumidor, datos personales y propiedad intelectual] | Derecho penal",si,de los mercados=13; penal=10; laboral=3,
sentencia_t_242_2025,sentencia,Derecho constitucional,Derecho constitucional | Derecho de familia | Derecho laboral,si,de familia=138; laboral=8; penal=7,
sentencia_t_242_2026,sentencia,Derecho constitucional,Derecho constitucional | Derecho laboral | Derecho de familia,si,laboral=150; de familia=112; procesal=20,
sentencia_t_243_2026,sentencia,Derecho constitucional,Derecho constitucional | Derecho de familia | Derecho laboral,si,de familia=22; laboral=10; procesal=2,
sentencia_t_244_2026,sentencia,Derecho constitucional,Derecho constitucional | Derecho laboral | Derecho administrativo,si,laboral=180; administrativo=10; procesal=5,
sentencia_t_245_2026,sentencia,Derecho constitucional,Derecho constitucional | Derecho laboral,si,laboral=123; procesal=3; de los mercados=3,
sentencia_t_246_2026,sentencia,Derecho constitucional,Derecho constitucional | Derecho administrativo | Derecho laboral,si,administrativo=150; laboral=10; penal=2,
sentencia_t_247_2026,sentencia,Derecho constitucional,Derecho constitucional,no,tributario=7; de familia=7; administrativo=5,
sentencia_t_248_2026,sentencia,Derecho constitucional,Derecho constitucional | Derecho de familia,si,de familia=190; penal=7; laboral=5,
sentencia_t_249_2026,sentencia,Derecho constitucional,Derecho constitucional | Derecho procesal,si,procesal=10; laboral=3; de familia=2,
sentencia_t_24_2025,sentencia,Derecho constitucional,Derecho constitucional | Derecho laboral | Derecho administrativo,si,laboral=167; administrativo=25; civil=5,
sentencia_t_24_2026,sentencia,Derecho constitucional,Derecho constitucional | Derecho laboral,si,laboral=12; penal=5; civil=3,
sentencia_t_251_2025,sentencia,Derecho constitucional,Derecho constitucional | Derecho de familia | Derecho penal,si,de familia=160; penal=20; procesal=12,
sentencia_t_257_2025,sentencia,Derecho constitucional,Derecho constitucional | Derecho de familia | Derecho administrativo,si,de familia=30; administrativo=13; penal=5,
sentencia_t_258_2025,sentencia,Derecho constitucional,Derecho constitucional | Derecho penal | Derecho laboral,si,penal=12; laboral=10; procesal=5,
sentencia_t_258_2026,sentencia,Derecho constitucional,Derecho constitucional | Derecho de familia | Derecho administrativo,si,de familia=50; administrativo=8; laboral=7,
sentencia_t_259_2025,sentencia,Derecho constitucional,Derecho constitucional | Derecho laboral,si,laboral=17; tributario=2; de los mercados=2,
sentencia_t_25_2004,sentencia,Derecho constitucional,Derecho constitucional | Derecho de familia,si,de familia=18; laboral=2; de los mercados=2,
sentencia_t_25_2026,sentencia,Derecho constitucional,Derecho constitucional | Derecho penal | Derecho administrativo,si,penal=15; administrativo=13; laboral=3,
sentencia_t_260_2025,sentencia,Derecho constitucional,Derecho constitucional | Derecho laboral | Derecho de familia,si,laboral=105; de familia=8; de los mercados=2,
sentencia_t_260_2026,sentencia,Derecho constitucional,Derecho constitucional | Derecho de familia | Derecho laboral,si,de familia=47; laboral=13; de los mercados=13,
sentencia_t_261_2025,sentencia,Derecho constitucional,Derecho constitucional | Derecho procesal | Derecho laboral,si,procesal=37; laboral=37; administrativo=15,
sentencia_t_263_2025,sentencia,Derecho constitucional,Derecho constitucional | Derecho laboral | Derecho de familia,si,laboral=10; de familia=8; de los mercados=2,
sentencia_t_263_2026,sentencia,Derecho constitucional,Derecho constitucional | Derecho laboral,si,laboral=88; procesal=5; civil=3,
sentencia_t_268_2026,sentencia,Derecho constitucional,Derecho constitucional | Derecho penal,si,penal=10; de los mercados=7; de familia=7,
sentencia_t_270_2025,sentencia,Derecho constitucional,Derecho constitucional,no,laboral=7; de familia=3; tributario=0,
sentencia_t_271_2025,sentencia,Derecho constitucional,Derecho constitucional | Derecho laboral,si,laboral=15; de familia=5; administrativo=5,
sentencia_t_272_2025,sentencia,Derecho constitucional,Derecho constitucional | Derecho procesal | Derecho penal,si,procesal=48; penal=25; laboral=25,
sentencia_t_275_2026,sentencia,Derecho constitucional,Derecho constitucional | Derecho laboral | Derecho administrativo,si,laboral=52; administrativo=35; de familia=8,
sentencia_t_277_2026,sentencia,Derecho constitucional,Derecho constitucional | Derecho procesal,si,procesal=15; laboral=7; tributario=0,
sentencia_t_278_2026,sentencia,Derecho constitucional,Derecho constitucional,no,civil=5; de familia=3; laboral=2,
sentencia_t_279_2025,sentencia,Derecho constitucional,Derecho constitucional | Derecho laboral | Derecho de familia,si,laboral=87; de familia=38; procesal=13,
sentencia_t_279_2026,sentencia,Derecho constitucional,Derecho constitucional | Derecho laboral | Derecho de familia,si,laboral=92; de familia=23; administrativo=22,
sentencia_t_27_2025,sentencia,Derecho constitucional,Derecho constitucional | Derecho penal | Derecho de familia,si,penal=48; de familia=33; de los mercados=2,
sentencia_t_280_2025,sentencia,Derecho constitucional,Derecho constitucional | Derecho civil | Derecho de familia,si,civil=33; de familia=12; procesal=5,
sentencia_t_280_2026,sentencia,Derecho constitucional,Derecho constitucional | Derecho de familia | Derecho laboral,si,de familia=15; laboral=8; tributario=0,
sentencia_t_281_2025,sentencia,Derecho constitucional,Derecho constitucional | Derecho de familia,si,de familia=118; laboral=3; de los mercados=2,
sentencia_t_281_2026,sentencia,Derecho constitucional,Derecho constitucional | Derecho laboral | Derecho administrativo,si,laboral=43; administrativo=17; de familia=12,
sentencia_t_282_2025,sentencia,Derecho constitucional,Derecho constitucional | Derecho de familia,si,de familia=43; laboral=3; civil=3,
sentencia_t_282_2026,sentencia,Derecho constitucional,Derecho constitucional | Derecho civil | Derecho laboral,si,civil=53; laboral=13; procesal=8,
sentencia_t_283_2025,sentencia,Derecho constitucional,Derecho constitucional,no,de familia=7; laboral=3; tributario=0,
sentencia_t_284_2025,sentencia,Derecho constitucional,Derecho constitucional | Derecho penal,si,penal=18; procesal=7; laboral=2,
sentencia_t_284_2026,sentencia,Derecho constitucional,Derecho constitucional | Derecho civil | Derecho administrativo,si,civil=57; administrativo=18; de familia=10,
sentencia_t_285_2025,sentencia,Derecho constitucional,Derecho constitucional,no,comercial y sociedades=3; administrativo=3; laboral=2,
sentencia_t_285_2026,sentencia,Derecho constitucional,"Derecho constitucional | Derecho de los mercados [competencia, consumidor, datos personales y propiedad intelectual]",si,de los mercados=23; administrativo=7; penal=5,
sentencia_t_286_2025,sentencia,Derecho constitucional,Derecho constitucional | Derecho de familia,si,de familia=13; laboral=5; tributario=2,
sentencia_t_287_2025,sentencia,Derecho constitucional,Derecho constitucional | Derecho laboral | Derecho civil,si,laboral=245; civil=13; procesal=2,
sentencia_t_287_2026,sentencia,Derecho constitucional,Derecho constitucional | Derecho laboral,si,laboral=138; de los mercados=5; tributario=0,
sentencia_t_288_2025,sentencia,Derecho constitucional,Derecho constitucional | Derecho de familia | Derecho laboral,si,de familia=27; laboral=8; de los mercados=5,
sentencia_t_288_2026,sentencia,Derecho constitucional,Derecho constitucional | Derecho penal | Derecho administrativo,si,penal=23; administrativo=15; laboral=12,
sentencia_t_289_2025,sentencia,Derecho constitucional,Derecho constitucional,no,laboral=7; de familia=7; comercial y sociedades=2,
sentencia_t_28_2025,sentencia,Derecho constitucional,Derecho constitucional | Derecho de familia,si,de familia=20; laboral=7; administrativo=5,
sentencia_t_290_2025,sentencia,Derecho constitucional,Derecho constitucional | Derecho laboral | Derecho de familia,si,laboral=93; de familia=43; tributario=25,
sentencia_t_291_2025,sentencia,Derecho constitucional,Derecho constitucional | Derecho laboral | Derecho de familia,si,laboral=135; de familia=65; civil=3,
sentencia_t_293_2025,sentencia,Derecho constitucional,Derecho constitucional | Derecho laboral | Derecho de familia,si,laboral=108; de familia=8; de los mercados=5,
sentencia_t_294_2025,sentencia,Derecho constitucional,Derecho constitucional | Derecho laboral,si,laboral=173; de los mercados=3; administrativo=3,
sentencia_t_295_2025,sentencia,Derecho constitucional,Derecho constitucional | Derecho laboral | Derecho de familia,si,laboral=132; de familia=108; administrativo=5,
sentencia_t_296_2025,sentencia,Derecho constitucional,Derecho constitucional | Derecho penal | Derecho administrativo,si,penal=127; administrativo=57; de familia=10,
sentencia_t_299_2025,sentencia,Derecho constitucional,Derecho constitucional | Derecho administrativo | Derecho penal,si,administrativo=20; penal=10; tributario=0,
sentencia_t_29_2025,sentencia,Derecho constitucional,Derecho constitucional | Derecho laboral | Derecho administrativo,si,laboral=32; administrativo=10; procesal=7,
sentencia_t_2_1992,sentencia,Derecho constitucional,Derecho constitucional | Derecho laboral,si,laboral=10; de familia=7; de los mercados=3,
sentencia_t_2_2025,sentencia,Derecho constitucional,Derecho constitucional | Derecho de familia | Derecho administrativo,si,de familia=42; administrativo=17; laboral=12,
sentencia_t_2_2026,sentencia,Derecho constitucional,Derecho constitucional | Derecho civil | Derecho administrativo,si,civil=30; administrativo=8; de familia=5,
sentencia_t_300_2025,sentencia,Derecho constitucional,Derecho constitucional,no,laboral=5; administrativo=5; procesal=2,
sentencia_t_301_2025,sentencia,Derecho constitucional,Derecho constitucional | Derecho laboral,si,laboral=183; procesal=3; de los mercados=3,
sentencia_t_301_2026,sentencia,Derecho constitucional,Derecho constitucional | Derecho de familia,si,de familia=30; laboral=5; penal=2,
sentencia_t_302_2025,sentencia,Derecho constitucional,Derecho constitucional | Derecho de familia,si,de familia=122; administrativo=7; penal=3,
sentencia_t_302_2026,sentencia,Derecho constitucional,Derecho constitucional | Derecho civil | Derecho penal,si,civil=47; penal=25; procesal=8,
sentencia_t_303_2025,sentencia,Derecho constitucional,Derecho constitucional | Derecho de familia | Derecho laboral,si,de familia=60; laboral=12; penal=3,
sentencia_t_303_2026,sentencia,Derecho constitucional,Derecho constitucional | Derecho civil | Derecho de familia,si,civil=48; de familia=38; laboral=22,
sentencia_t_304_2025,sentencia,Derecho constitucional,Derecho constitucional,no,laboral=7; de familia=5; tributario=0,
sentencia_t_304_2026,sentencia,Derecho constitucional,Derecho constitucional | Derecho administrativo | Derecho penal,si,administrativo=17; penal=13; de familia=8,
sentencia_t_305_2025,sentencia,Derecho constitucional,Derecho constitucional | Derecho laboral | Derecho penal,si,laboral=33; penal=20; de familia=17,
sentencia_t_306_2025,sentencia,Derecho constitucional,Derecho constitucional | Derecho laboral,si,laboral=30; de familia=3; comercial y sociedades=2,
sentencia_t_307_2025,sentencia,Derecho constitucional,Derecho constitucional | Derecho de familia | Derecho penal,si,de familia=168; penal=12; laboral=3,
sentencia_t_308_2025,sentencia,Derecho constitucional,Derecho constitucional | Derecho penal,si,penal=52; laboral=5; de familia=5,
sentencia_t_309_2025,sentencia,Derecho constitucional,Derecho constitucional | Derecho laboral | Derecho de familia,si,laboral=30; de familia=17; tributario=0,
sentencia_t_30_2025,sentencia,Derecho constitucional,Derecho constitucional | Derecho laboral,si,laboral=18; de familia=3; tributario=2,
sentencia_t_310_2025,sentencia,Derecho constitucional,"Derecho constitucional | Derecho procesal | Derecho de los mercados [competencia, consumidor, datos personales y propiedad intelectual]",si,procesal=27; de los mercados=10; laboral=7,
sentencia_t_311_2025,sentencia,Derecho constitucional,Derecho constitucional | Derecho laboral,si,laboral=108; de familia=3; comercial y sociedades=2,
sentencia_t_312_2025,sentencia,Derecho constitucional,Derecho constitucional | Derecho laboral | Derecho de familia,si,laboral=70; de familia=28; administrativo=5,
sentencia_t_313_2025,sentencia,Derecho constitucional,Derecho constitucional | Derecho laboral | Derecho administrativo,si,laboral=58; administrativo=23; de familia=8,
sentencia_t_314_2025,sentencia,Derecho constitucional,Derecho constitucional | Derecho de familia,si,de familia=37; laboral=3; tributario=2,
sentencia_t_318_2025,sentencia,Derecho constitucional,Derecho constitucional | Derecho laboral | Derecho penal,si,laboral=97; penal=50; administrativo=38,
sentencia_t_319_2025,sentencia,Derecho constitucional,Derecho constitucional | Derecho de familia | Derecho laboral,si,de familia=25; laboral=13; tributario=0,
sentencia_t_31_2026,sentencia,Derecho constitucional,Derecho constitucional | Derecho tributario | Derecho laboral,si,tributario=23; laboral=8; de familia=7,
sentencia_t_320_2025,sentencia,Derecho constitucional,Derecho constitucional | Derecho penal,si,penal=80; laboral=5; tributario=2,
sentencia_t_321_2025,sentencia,Derecho constitucional,Derecho constitucional | Derecho laboral,si,laboral=245; administrativo=7; de familia=3,
sentencia_t_322_2025,sentencia,Derecho constitucional,Derecho constitucional | Derecho de familia,si,de familia=17; tributario=0; procesal=0,
sentencia_t_324_2025,sentencia,Derecho constitucional,Derecho constitucional | Derecho penal | Derecho laboral,si,penal=55; laboral=23; de familia=12,
sentencia_t_329_2025,sentencia,Derecho constitucional,Derecho constitucional | Derecho laboral,si,laboral=140; procesal=7; de los mercados=7,
sentencia_t_32_2026,sentencia,Derecho constitucional,Derecho constitucional | Derecho laboral | Derecho de familia,si,laboral=147; de familia=13; de los mercados=2,
sentencia_t_330_2025,sentencia,Derecho constitucional,Derecho constitucional | Derecho de familia | Derecho administrativo,si,de familia=17; administrativo=17; penal=8,
sentencia_t_331_2025,sentencia,Derecho constitucional,Derecho constitucional | Derecho laboral | Derecho de familia,si,laboral=132; de familia=18; de los mercados=2,
sentencia_t_333_2025,sentencia,Derecho constitucional,Derecho constitucional | Derecho laboral,si,laboral=253; de familia=3; tributario=0,
sentencia_t_334_2025,sentencia,Derecho constitucional,Derecho constitucional | Derecho laboral | Derecho de familia,si,laboral=122; de familia=8; civil=3,
sentencia_t_335_2025,sentencia,Derecho constitucional,Derecho constitucional | Derecho de familia | Derecho administrativo,si,de familia=23; administrativo=22; procesal=8,
sentencia_t_336_2025,sentencia,Derecho constitucional,Derecho constitucional,no,tributario=5; laboral=5; de familia=3,
sentencia_t_337_2025,sentencia,Derecho constitucional,Derecho constitucional | Derecho laboral,si,laboral=173; procesal=3; administrativo=3,
sentencia_t_33_2025,sentencia,Derecho constitucional,Derecho constitucional | Derecho laboral | Derecho de familia,si,laboral=120; de familia=50; administrativo=32,
sentencia_t_341_2025,sentencia,Derecho constitucional,Derecho constitucional | Derecho de familia | Derecho procesal,si,de familia=148; procesal=18; penal=15,
sentencia_t_342_2025,sentencia,Derecho constitucional,Derecho constitucional | Derecho de familia | Derecho penal,si,de familia=55; penal=17; laboral=10,
sentencia_t_343_2025,sentencia,Derecho constitucional,Derecho constitucional | Derecho laboral,si,laboral=18; procesal=2; de familia=2,
sentencia_t_344_2025,sentencia,Derecho constitucional,Derecho constitucional | Derecho penal,si,penal=55; de familia=7; laboral=3,
sentencia_t_345_2025,sentencia,Derecho constitucional,Derecho constitucional | Derecho laboral | Derecho procesal,si,laboral=17; procesal=13; administrativo=5,
sentencia_t_346_2025,sentencia,Derecho constitucional,Derecho constitucional | Derecho laboral,si,laboral=165; de familia=7; tributario=0,
sentencia_t_347_2025,sentencia,Derecho constitucional,Derecho constitucional | Derecho laboral | Derecho de familia,si,laboral=202; de familia=15; civil=5,
sentencia_t_348_2025,sentencia,Derecho constitucional,Derecho constitucional | Derecho laboral | Derecho de familia,si,laboral=8; de familia=8; tributario=2,
sentencia_t_349_2025,sentencia,Derecho constitucional,Derecho constitucional,no,laboral=3; de familia=2; tributario=0,
sentencia_t_34_2025,sentencia,Derecho constitucional,Derecho constitucional | Derecho administrativo | Derecho laboral,si,administrativo=32; laboral=25; de familia=3,
sentencia_t_351_2025,sentencia,Derecho constitucional,Derecho constitucional | Derecho de familia | Derecho penal,si,de familia=158; penal=12; administrativo=8,
sentencia_t_352_2025,sentencia,Derecho constitucional,Derecho constitucional | Derecho penal | Derecho comercial y sociedades,si,penal=32; comercial y sociedades=17; tributario=13,
sentencia_t_353_2025,sentencia,Derecho constitucional,Derecho constitucional | Derecho de familia | Derecho penal,si,de familia=178; penal=18; administrativo=5,
sentencia_t_354_2025,sentencia,Derecho constitucional,Derecho constitucional | Derecho laboral | Derecho de familia,si,laboral=107; de familia=35; civil=12,
sentencia_t_355_2025,sentencia,Derecho constitucional,Derecho constitucional | Derecho procesal | Derecho comercial y sociedades,si,procesal=32; comercial y sociedades=12; tributario=5,
sentencia_t_356_2025,sentencia,Derecho constitucional,Derecho constitucional | Derecho de familia | Derecho laboral,si,de familia=17; laboral=12; administrativo=2,
sentencia_t_357_2025,sentencia,Derecho constitucional,Derecho constitucional | Derecho administrativo,si,administrativo=22; procesal=3; tributario=2,
sentencia_t_358_2025,sentencia,Derecho constitucional,Derecho constitucional | Derecho de familia | Derecho laboral,si,de familia=102; laboral=12; tributario=0,
sentencia_t_359_2025,sentencia,Derecho constitucional,Derecho constitucional | Derecho de familia | Derecho laboral,si,de familia=153; laboral=12; procesal=3,
sentencia_t_35_2025,sentencia,Derecho constitucional,Derecho constitucional | Derecho administrativo,si,administrativo=18; de familia=7; laboral=5,
sentencia_t_360_2025,sentencia,Derecho constitucional,Derecho constitucional | Derecho laboral,si,laboral=128; procesal=2; tributario=0,
sentencia_t_361_2025,sentencia,Derecho constitucional,Derecho constitucional | Derecho de familia | Derecho laboral,si,de familia=53; laboral=8; tributario=0,
sentencia_t_362_2025,sentencia,Derecho constitucional,Derecho constitucional | Derecho de familia | Derecho penal,si,de familia=68; penal=12; laboral=5,
sentencia_t_363_2025,sentencia,Derecho constitucional,Derecho constitucional | Derecho civil | Derecho de familia,si,civil=32; de familia=17; laboral=2,
sentencia_t_370_2025,sentencia,Derecho constitucional,Derecho constitucional,no,laboral=7; de los mercados=2; de familia=2,
sentencia_t_371_2025,sentencia,Derecho constitucional,Derecho constitucional | Derecho penal | Derecho de familia,si,penal=118; de familia=10; laboral=3,
sentencia_t_372_2025,sentencia,Derecho constitucional,Derecho constitucional | Derecho de familia | Derecho laboral,si,de familia=140; laboral=10; procesal=5,
sentencia_t_373_2025,sentencia,Derecho constitucional,Derecho constitucional | Derecho civil | Derecho procesal,si,civil=47; procesal=8; laboral=5,
sentencia_t_375_2025,sentencia,Derecho constitucional,Derecho constitucional | Derecho penal | Derecho de familia,si,penal=23; de familia=13; administrativo=13,
sentencia_t_376_2025,sentencia,Derecho constitucional,Derecho constitucional | Derecho laboral,si,laboral=188; procesal=7; tributario=2,
sentencia_t_377_2025,sentencia,Derecho constitucional,Derecho constitucional | Derecho laboral,si,laboral=8; de familia=3; tributario=0,
sentencia_t_378_2025,sentencia,Derecho constitucional,Derecho constitucional | Derecho laboral | Derecho de familia,si,laboral=130; de familia=115; civil=2,
sentencia_t_379_2025,sentencia,Derecho constitucional,Derecho constitucional | Derecho laboral | Derecho de familia,si,laboral=43; de familia=13; tributario=0,
sentencia_t_380_2025,sentencia,Derecho constitucional,Derecho constitucional | Derecho de familia,si,de familia=35; laboral=5; civil=2,
sentencia_t_386_2025,sentencia,Derecho constitucional,Derecho constitucional | Derecho civil,si,civil=8; procesal=7; laboral=7,
sentencia_t_387_2025,sentencia,Derecho constitucional,Derecho constitucional | Derecho de familia | Derecho procesal,si,de familia=200; procesal=25; penal=12,
sentencia_t_388_2013,sentencia,Derecho constitucional | Derecho penal,Derecho constitucional | Derecho penal,no,penal=28; laboral=7; de familia=5,
sentencia_t_388_2025,sentencia,Derecho constitucional,Derecho constitucional | Derecho administrativo,si,administrativo=63; laboral=7; de familia=5,
sentencia_t_389_2025,sentencia,Derecho constitucional,Derecho constitucional | Derecho administrativo | Derecho penal,si,administrativo=20; penal=12; de familia=10,
sentencia_t_390_2025,sentencia,Derecho constitucional,Derecho constitucional | Derecho de familia,si,de familia=8; procesal=7; laboral=5,
sentencia_t_391_2025,sentencia,Derecho constitucional,Derecho constitucional | Derecho penal | Derecho de familia,si,penal=62; de familia=57; procesal=3,
sentencia_t_392_2025,sentencia,Derecho constitucional,Derecho constitucional | Derecho administrativo | Derecho laboral,si,administrativo=22; laboral=10; procesal=3,
sentencia_t_393_2025,sentencia,Derecho constitucional,Derecho constitucional | Derecho laboral,si,laboral=8; de los mercados=5; civil=3,
sentencia_t_394_2025,sentencia,Derecho constitucional,Derecho constitucional | Derecho de familia | Derecho penal,si,de familia=15; penal=10; administrativo=10,
sentencia_t_395_2025,sentencia,Derecho constitucional,Derecho constitucional | Derecho de familia | Derecho laboral,si,de familia=128; laboral=8; procesal=7,
sentencia_t_396_2025,sentencia,Derecho constitucional,Derecho constitucional | Derecho procesal | Derecho laboral,si,procesal=52; laboral=8; comercial y sociedades=8,
sentencia_t_397_2025,sentencia,Derecho constitucional,"Derecho constitucional | Derecho de los mercados [competencia, consumidor, datos personales y propiedad intelectual] | Derecho de familia",si,de los mercados=42; de familia=42; penal=22,
sentencia_t_398_2025,sentencia,Derecho constitucional,Derecho constitucional | Derecho laboral,si,laboral=162; de familia=5; tributario=3,
sentencia_t_399_2025,sentencia,Derecho constitucional,Derecho constitucional | Derecho de familia,si,de familia=37; penal=7; laboral=5,
sentencia_t_3_2025,sentencia,Derecho constitucional,Derecho constitucional | Derecho laboral,si,laboral=147; procesal=7; de familia=5,
sentencia_t_3_2026,sentencia,Derecho constitucional,Derecho constitucional | Derecho de familia | Derecho comercial y sociedades,si,de familia=35; comercial y sociedades=8; procesal=5,
sentencia_t_400_2025,sentencia,Derecho constitucional,Derecho constitucional | Derecho penal | Derecho procesal,si,penal=77; procesal=58; civil=7,
sentencia_t_401_2025,sentencia,Derecho constitucional,"Derecho constitucional | Derecho de los mercados [competencia, consumidor, datos personales y propiedad intelectual]",si,de los mercados=30; administrativo=3; de familia=2,
sentencia_t_402_2025,sentencia,Derecho constitucional,Derecho constitucional | Derecho civil,si,civil=30; laboral=7; tributario=5,
sentencia_t_403_2025,sentencia,Derecho constitucional,Derecho constitucional | Derecho administrativo | Derecho procesal,si,administrativo=125; procesal=8; de familia=8,
sentencia_t_404_2025,sentencia,Derecho constitucional,Derecho constitucional | Derecho procesal | Derecho penal,si,procesal=58; penal=20; tributario=17,
sentencia_t_406_1992,sentencia,Derecho constitucional,Derecho constitucional,no,procesal=2; laboral=2; de familia=2,
sentencia_t_406_2025,sentencia,Derecho constitucional,Derecho constitucional | Derecho laboral | Derecho de familia,si,laboral=22; de familia=17; civil=2,
sentencia_t_408_2025,sentencia,Derecho constitucional,Derecho constitucional | Derecho de familia | Derecho laboral,si,de familia=15; laboral=12; tributario=0,
sentencia_t_40_2025,sentencia,Derecho constitucional,Derecho constitucional | Derecho de familia,si,de familia=30; laboral=2; tributario=0,
sentencia_t_414_2025,sentencia,Derecho constitucional,Derecho constitucional | Derecho laboral | Derecho procesal,si,laboral=157; procesal=10; de familia=7,
sentencia_t_415_2025,sentencia,Derecho constitucional,Derecho constitucional | Derecho laboral | Derecho de familia,si,laboral=27; de familia=12; tributario=0,
sentencia_t_416_2025,sentencia,Derecho constitucional,Derecho constitucional | Derecho penal | Derecho procesal,si,penal=33; procesal=18; laboral=7,
sentencia_t_418_2025,sentencia,Derecho constitucional,Derecho constitucional | Derecho administrativo | Derecho laboral,si,administrativo=37; laboral=30; de familia=8,
sentencia_t_419_2025,sentencia,Derecho constitucional,Derecho constitucional | Derecho laboral | Derecho administrativo,si,laboral=8; administrativo=8; de familia=7,
sentencia_t_41_2025,sentencia,Derecho constitucional,"Derecho constitucional | Derecho laboral | Derecho de los mercados [competencia, consumidor, datos personales y propiedad intelectual]",si,laboral=17; de los mercados=8; tributario=5,
sentencia_t_41_2026,sentencia,Derecho constitucional,Derecho constitucional,no,laboral=2; de familia=2; tributario=0,
sentencia_t_420_2025,sentencia,Derecho constitucional,Derecho constitucional | Derecho de familia | Derecho laboral,si,de familia=38; laboral=10; administrativo=7,
sentencia_t_421_2025,sentencia,Derecho constitucional,Derecho constitucional | Derecho penal | Derecho laboral,si,penal=35; laboral=15; de familia=13,
sentencia_t_422_2025,sentencia,Derecho constitucional,Derecho constitucional | Derecho laboral,si,laboral=78; de familia=7; procesal=5,
sentencia_t_423_2025,sentencia,Derecho constitucional,Derecho constitucional | Derecho de familia,si,de familia=72; penal=5; laboral=5,
sentencia_t_42_2025,sentencia,Derecho constitucional,Derecho constitucional | Derecho laboral | Derecho administrativo,si,laboral=242; administrativo=8; de los mercados=5,
sentencia_t_42_2026,sentencia,Derecho constitucional,Derecho constitucional | Derecho penal | Derecho laboral,si,penal=55; laboral=10; procesal=5,
sentencia_t_430_2025,sentencia,Derecho constitucional,Derecho constitucional | Derecho laboral | Derecho de familia,si,laboral=220; de familia=30; procesal=15,
sentencia_t_433_2025,sentencia,Derecho constitucional,Derecho constitucional | Derecho laboral,si,laboral=165; administrativo=2; tributario=0,
sentencia_t_434_2025,sentencia,Derecho constitucional,Derecho constitucional | Derecho administrativo,si,administrativo=12; laboral=7; penal=5,
sentencia_t_435_2025,sentencia,Derecho constitucional,Derecho constitucional | Derecho laboral | Derecho de familia,si,laboral=47; de familia=12; tributario=8,
sentencia_t_436_2025,sentencia,Derecho constitucional,Derecho constitucional | Derecho laboral,si,laboral=13; tributario=0; procesal=0,
sentencia_t_437_2025,sentencia,Derecho constitucional,Derecho constitucional,no,civil=5; laboral=3; de familia=3,
sentencia_t_438_2025,sentencia,Derecho constitucional,Derecho constitucional | Derecho laboral,si,laboral=8; de familia=5; de los mercados=2,
sentencia_t_439_2025,sentencia,Derecho constitucional,Derecho constitucional,no,laboral=5; administrativo=5; penal=3,
sentencia_t_43_2025,sentencia,Derecho constitucional,Derecho constitucional | Derecho laboral | Derecho administrativo,si,laboral=333; administrativo=13; de familia=8,
sentencia_t_43_2026,sentencia,Derecho constitucional,Derecho constitucional | Derecho de familia | Derecho penal,si,de familia=57; penal=12; laboral=7,
sentencia_t_440_2025,sentencia,Derecho constitucional,Derecho constitucional | Derecho administrativo,si,administrativo=8; tributario=2; laboral=2,
sentencia_t_441_2025,sentencia,Derecho constitucional,Derecho constitucional | Derecho laboral,si,laboral=130; tributario=5; procesal=5,
sentencia_t_442_2025,sentencia,Derecho constitucional,Derecho constitucional | Derecho de familia | Derecho administrativo,si,de familia=30; administrativo=8; laboral=3,
sentencia_t_449_2025,sentencia,Derecho constitucional,Derecho constitucional | Derecho laboral,si,laboral=92; de familia=7; de los mercados=3,
sentencia_t_44_2025,sentencia,Derecho constitucional,Derecho constitucional | Derecho laboral | Derecho de familia,si,laboral=43; de familia=15; procesal=2,
sentencia_t_44_2026,sentencia,Derecho constitucional,"Derecho constitucional | Derecho de familia | Derecho de los mercados [competencia, consumidor, datos personales y propiedad intelectual]",si,de familia=110; de los mercados=45; penal=22,
sentencia_t_450_2025,sentencia,Derecho constitucional,Derecho constitucional | Derecho administrativo,si,administrativo=15; de los mercados=3; laboral=2,
sentencia_t_451_2025,sentencia,Derecho constitucional,Derecho constitucional | Derecho laboral,si,laboral=138; administrativo=2; tributario=0,
sentencia_t_452_2025,sentencia,Derecho constitucional,Derecho constitucional | Derecho procesal,si,procesal=17; laboral=5; penal=2,
sentencia_t_453_2025,sentencia,Derecho constitucional,Derecho constitucional | Derecho de familia,si,de familia=8; laboral=7; tributario=3,
sentencia_t_455_2025,sentencia,Derecho constitucional,Derecho constitucional | Derecho laboral | Derecho de familia,si,laboral=160; de familia=55; civil=3,
sentencia_t_456_2025,sentencia,Derecho constitucional,Derecho constitucional,no,laboral=3; de los mercados=2; de familia=2,
sentencia_t_457_2025,sentencia,Derecho constitucional,Derecho constitucional | Derecho administrativo,si,administrativo=20; procesal=7; de familia=5,
sentencia_t_458_2025,sentencia,Derecho constitucional,Derecho constitucional | Derecho de familia | Derecho laboral,si,de familia=47; laboral=45; administrativo=32,
sentencia_t_459_2025,sentencia,Derecho constitucional,Derecho constitucional | Derecho procesal | Derecho penal,si,procesal=18; penal=12; administrativo=3,
sentencia_t_45_2025,sentencia,Derecho constitucional,Derecho constitucional | Derecho laboral,si,laboral=148; tributario=0; procesal=0,
sentencia_t_460_2025,sentencia,Derecho constitucional,Derecho constitucional | Derecho administrativo,si,administrativo=12; tributario=2; laboral=2,
sentencia_t_461_2025,sentencia,Derecho constitucional,"Derecho constitucional | Derecho laboral | Derecho de los mercados [competencia, consumidor, datos personales y propiedad intelectual]",si,laboral=15; de los mercados=12; procesal=2,
sentencia_t_462_2025,sentencia,Derecho constitucional,Derecho constitucional | Derecho laboral | Derecho civil,si,laboral=105; civil=8; tributario=2,
sentencia_t_463_2025,sentencia,Derecho constitucional,Derecho constitucional | Derecho laboral | Derecho procesal,si,laboral=200; procesal=17; comercial y sociedades=10,
sentencia_t_469_2025,sentencia,Derecho constitucional,Derecho constitucional | Derecho administrativo,si,administrativo=52; comercial y sociedades=3; laboral=2,
sentencia_t_46_2025,sentencia,Derecho constitucional,Derecho constitucional,no,laboral=3; de los mercados=2; tributario=0,
sentencia_t_46_2026,sentencia,Derecho constitucional,Derecho constitucional | Derecho de familia,si,de familia=22; laboral=7; penal=3,
sentencia_t_470_2025,sentencia,Derecho constitucional,Derecho constitucional | Derecho laboral | Derecho procesal,si,laboral=130; procesal=8; de familia=5,
sentencia_t_471_2025,sentencia,Derecho constitucional,Derecho constitucional | Derecho laboral,si,laboral=138; administrativo=7; de familia=2,
sentencia_t_472_2025,sentencia,Derecho constitucional,Derecho constitucional | Derecho de familia | Derecho laboral,si,de familia=108; laboral=10; de los mercados=2,
sentencia_t_473_2025,sentencia,Derecho constitucional,Derecho constitucional | Derecho procesal | Derecho administrativo,si,procesal=18; administrativo=12; laboral=8,
sentencia_t_474_2025,sentencia,Derecho constitucional,Derecho constitucional | Derecho laboral | Derecho procesal,si,laboral=37; procesal=8; de familia=7,
sentencia_t_475_2025,sentencia,Derecho constitucional,Derecho constitucional | Derecho de familia | Derecho procesal,si,de familia=150; procesal=50; laboral=3,
sentencia_t_476_2025,sentencia,Derecho constitucional,Derecho constitucional | Derecho civil | Derecho penal,si,civil=28; penal=8; de familia=7,
sentencia_t_47_2025,sentencia,Derecho constitucional,Derecho constitucional | Derecho laboral | Derecho administrativo,si,laboral=48; administrativo=12; penal=5,
sentencia_t_481_2025,sentencia,Derecho constitucional,"Derecho constitucional | Derecho de los mercados [competencia, consumidor, datos personales y propiedad intelectual] | Derecho procesal",si,de los mercados=148; procesal=28; laboral=17,
sentencia_t_482_2025,sentencia,Derecho constitucional,Derecho constitucional | Derecho de familia,si,de familia=67; laboral=3; tributario=0,
sentencia_t_483_2025,sentencia,Derecho constitucional,Derecho constitucional | Derecho laboral | Derecho civil,si,laboral=118; civil=10; de familia=8,
sentencia_t_484_2025,sentencia,Derecho constitucional,Derecho constitucional | Derecho civil | Derecho de familia,si,civil=28; de familia=18; laboral=5,
sentencia_t_485_2025,sentencia,Derecho constitucional,Derecho constitucional | Derecho administrativo | Derecho laboral,si,administrativo=95; laboral=12; civil=3,
sentencia_t_486_2025,sentencia,Derecho constitucional,Derecho constitucional | Derecho laboral,si,laboral=193; tributario=5; de los mercados=5,
sentencia_t_487_2025,sentencia,Derecho constitucional,"Derecho constitucional | Derecho laboral | Derecho de los mercados [competencia, consumidor, datos personales y propiedad intelectual]",si,laboral=17; de los mercados=12; de familia=5,
sentencia_t_488_2025,sentencia,Derecho constitucional,Derecho constitucional | Derecho laboral | Derecho administrativo,si,laboral=15; administrativo=10; de familia=5,
sentencia_t_489_2025,sentencia,Derecho constitucional,Derecho constitucional | Derecho laboral | Derecho administrativo,si,laboral=248; administrativo=15; de familia=2,
sentencia_t_48_2025,sentencia,Derecho constitucional,Derecho constitucional | Derecho laboral | Derecho de familia,si,laboral=117; de familia=15; administrativo=8,
sentencia_t_490_2025,sentencia,Derecho constitucional,Derecho constitucional | Derecho procesal,si,procesal=73; administrativo=5; laboral=3,
sentencia_t_491_2025,sentencia,Derecho constitucional,Derecho constitucional | Derecho procesal | Derecho laboral,si,procesal=33; laboral=10; penal=7,
sentencia_t_496_2025,sentencia,Derecho constitucional,Derecho constitucional | Derecho de familia,si,de familia=12; laboral=5; administrativo=3,
sentencia_t_497_2025,sentencia,Derecho constitucional,"Derecho constitucional | Derecho de los mercados [competencia, consumidor, datos personales y propiedad intelectual]",si,de los mercados=23; de familia=3; laboral=2,
sentencia_t_498_2025,sentencia,Derecho constitucional,Derecho constitucional | Derecho de familia,si,de familia=35; de los mercados=3; laboral=2,
sentencia_t_499_2025,sentencia,Derecho constitucional,Derecho constitucional | Derecho penal | Derecho laboral,si,penal=25; laboral=13; procesal=10,
sentencia_t_49_2025,sentencia,Derecho constitucional,Derecho constitucional | Derecho de familia,si,de familia=70; administrativo=3; tributario=0,
sentencia_t_4_2025,sentencia,Derecho constitucional,Derecho constitucional | Derecho procesal | Derecho laboral,si,procesal=18; laboral=17; penal=8,
sentencia_t_500_2025,sentencia,Derecho constitucional,Derecho constitucional | Derecho de familia | Derecho laboral,si,de familia=40; laboral=18; tributario=2,
sentencia_t_501_2025,sentencia,Derecho constitucional,Derecho constitucional | Derecho de familia | Derecho laboral,si,de familia=22; laboral=20; de los mercados=5,
sentencia_t_507_2025,sentencia,Derecho constitucional,Derecho constitucional | Derecho de familia | Derecho procesal,si,de familia=35; procesal=20; laboral=3,
sentencia_t_508_2025,sentencia,Derecho constitucional,Derecho constitucional | Derecho de familia | Derecho laboral,si,de familia=35; laboral=10; procesal=2,
sentencia_t_509_2025,sentencia,Derecho constitucional,Derecho constitucional | Derecho laboral | Derecho penal,si,laboral=27; penal=23; administrativo=17,
sentencia_t_50_2025,sentencia,Derecho constitucional,Derecho constitucional | Derecho civil | Derecho administrativo,si,civil=62; administrativo=8; laboral=5,
sentencia_t_510_2025,sentencia,Derecho constitucional,Derecho constitucional | Derecho penal | Derecho de familia,si,penal=43; de familia=8; laboral=5,
sentencia_t_511_2025,sentencia,Derecho constitucional,Derecho constitucional | Derecho administrativo | Derecho laboral,si,administrativo=13; laboral=10; de familia=5,
sentencia_t_512_2025,sentencia,Derecho constitucional,Derecho constitucional | Derecho administrativo | Derecho laboral,si,administrativo=58; laboral=50; de familia=13,
sentencia_t_513_2025,sentencia,Derecho constitucional,Derecho constitucional | Derecho administrativo | Derecho de familia,si,administrativo=32; de familia=20; laboral=8,
sentencia_t_514_2025,sentencia,Derecho constitucional,"Derecho constitucional | Derecho procesal | Derecho de los mercados [competencia, consumidor, datos personales y propiedad intelectual]",si,procesal=47; de los mercados=47; laboral=7,
sentencia_t_515_2025,sentencia,Derecho constitucional,Derecho constitucional | Derecho procesal | Derecho civil,si,procesal=17; civil=13; de familia=10,
sentencia_t_516_2025,sentencia,Derecho constitucional,Derecho constitucional | Derecho de familia | Derecho laboral,si,de familia=25; laboral=15; civil=2,
sentencia_t_517_2025,sentencia,Derecho constitucional,Derecho constitucional | Derecho laboral,si,laboral=15; procesal=7; de familia=3,
sentencia_t_518_2025,sentencia,Derecho constitucional,Derecho constitucional | Derecho laboral | Derecho de familia,si,laboral=40; de familia=12; penal=7,
sentencia_t_519_2025,sentencia,Derecho constitucional,Derecho constitucional | Derecho laboral,si,laboral=113; tributario=3; administrativo=2,
sentencia_t_51_2026,sentencia,Derecho constitucional,Derecho constitucional | Derecho laboral | Derecho de familia,si,laboral=160; de familia=8; civil=7,
sentencia_t_520_2025,sentencia,Derecho constitucional,Derecho constitucional | Derecho laboral,si,laboral=30; administrativo=7; tributario=5,
sentencia_t_521_2025,sentencia,Derecho constitucional,Derecho constitucional | Derecho procesal | Derecho penal,si,procesal=53; penal=13; laboral=3,
sentencia_t_522_2025,sentencia,Derecho constitucional,Derecho constitucional | Derecho laboral | Derecho civil,si,laboral=53; civil=27; administrativo=10,
sentencia_t_523_2025,sentencia,Derecho constitucional,Derecho constitucional | Derecho de familia | Derecho laboral,si,de familia=27; laboral=8; de los mercados=7,
sentencia_t_524_2025,sentencia,Derecho constitucional,Derecho constitucional | Derecho administrativo,si,administrativo=17; laboral=7; de familia=3,
sentencia_t_525_2025,sentencia,Derecho constitucional,Derecho constitucional | Derecho administrativo | Derecho de familia,si,administrativo=78; de familia=10; penal=5,
sentencia_t_526_2025,sentencia,Derecho constitucional,Derecho constitucional | Derecho procesal | Derecho de familia,si,procesal=48; de familia=17; laboral=5,
sentencia_t_527_2025,sentencia,Derecho constitucional,Derecho constitucional | Derecho de familia | Derecho tributario,si,de familia=30; tributario=25; de los mercados=10,
sentencia_t_528_2025,sentencia,Derecho constitucional,Derecho constitucional | Derecho laboral,si,laboral=37; de familia=7; tributario=0,
sentencia_t_529_2025,sentencia,Derecho constitucional,Derecho constitucional,no,civil=3; tributario=2; laboral=2,
sentencia_t_52_2026,sentencia,Derecho constitucional,Derecho constitucional | Derecho administrativo,si,administrativo=20; penal=5; laboral=3,
sentencia_t_53_2025,sentencia,Derecho constitucional,Derecho constitucional | Derecho laboral,si,laboral=178; de familia=5; procesal=2,
sentencia_t_53_2026,sentencia,Derecho constitucional,Derecho constitucional | Derecho de familia | Derecho administrativo,si,de familia=35; administrativo=10; laboral=3,
sentencia_t_54_2026,sentencia,Derecho constitucional,"Derecho constitucional | Derecho de los mercados [competencia, consumidor, datos personales y propiedad intelectual] | Derecho administrativo",si,de los mercados=18; administrativo=10; laboral=7,
sentencia_t_55_2026,sentencia,Derecho constitucional,Derecho constitucional | Derecho laboral,si,laboral=162; procesal=5; de familia=5,
sentencia_t_56_2026,sentencia,Derecho constitucional,Derecho constitucional | Derecho de familia | Derecho administrativo,si,de familia=52; administrativo=30; laboral=12,
sentencia_t_57_2025,sentencia,Derecho constitucional,Derecho constitucional | Derecho de familia,si,de familia=37; laboral=3; procesal=2,
sentencia_t_57_2026,sentencia,Derecho constitucional,Derecho constitucional | Derecho laboral | Derecho de familia,si,laboral=50; de familia=18; civil=8,
sentencia_t_58_2025,sentencia,Derecho constitucional,Derecho constitucional | Derecho de familia | Derecho laboral,si,de familia=65; laboral=10; administrativo=5,
sentencia_t_58_2026,sentencia,Derecho constitucional,Derecho constitucional,no,de familia=3; laboral=2; tributario=0,
sentencia_t_59_2025,sentencia,Derecho constitucional,Derecho constitucional | Derecho de familia | Derecho administrativo,si,de familia=75; administrativo=17; laboral=12,
sentencia_t_59_2026,sentencia,Derecho constitucional,Derecho constitucional | Derecho de familia | Derecho penal,si,de familia=90; penal=17; civil=15,
sentencia_t_5_2025,sentencia,Derecho constitucional,Derecho constitucional | Derecho administrativo | Derecho laboral,si,administrativo=72; laboral=27; procesal=15,
sentencia_t_60_2025,sentencia,Derecho constitucional,Derecho constitucional | Derecho de familia | Derecho laboral,si,de familia=10; laboral=8; penal=3,
sentencia_t_61_2025,sentencia,Derecho constitucional,Derecho constitucional | Derecho de familia | Derecho administrativo,si,de familia=87; administrativo=53; laboral=27,
sentencia_t_61_2026,sentencia,Derecho constitucional,Derecho constitucional | Derecho laboral | Derecho administrativo,si,laboral=48; administrativo=15; procesal=10,
sentencia_t_62_2025,sentencia,Derecho constitucional,Derecho constitucional | Derecho administrativo | Derecho de familia,si,administrativo=35; de familia=8; laboral=7,
sentencia_t_64_2025,sentencia,Derecho constitucional,Derecho constitucional | Derecho de familia | Derecho laboral,si,de familia=52; laboral=43; administrativo=37,
sentencia_t_65_2025,sentencia,Derecho constitucional,Derecho constitucional | Derecho laboral,si,laboral=37; comercial y sociedades=7; administrativo=5,
sentencia_t_66_2025,sentencia,Derecho constitucional,Derecho constitucional | Derecho administrativo,si,administrativo=20; de familia=5; civil=5,
sentencia_t_68_2025,sentencia,Derecho constitucional,Derecho constitucional | Derecho laboral,si,laboral=23; de familia=5; de los mercados=2,
sentencia_t_69_2026,sentencia,Derecho constitucional,Derecho constitucional | Derecho penal | Derecho procesal,si,penal=38; procesal=18; laboral=8,
sentencia_t_6_2025,sentencia,Derecho constitucional,"Derecho constitucional | Derecho de los mercados [competencia, consumidor, datos personales y propiedad intelectual]",si,de los mercados=13; laboral=7; de familia=3,
sentencia_t_70_2026,sentencia,Derecho constitucional,"Derecho constitucional | Derecho de los mercados [competencia, consumidor, datos personales y propiedad intelectual] | Derecho administrativo",si,de los mercados=35; administrativo=22; civil=5,
sentencia_t_71_2026,sentencia,Derecho constitucional,Derecho constitucional | Derecho procesal | Derecho penal,si,procesal=48; penal=8; tributario=0,
sentencia_t_72_2026,sentencia,Derecho constitucional,Derecho constitucional | Derecho laboral,si,laboral=108; de familia=2; tributario=0,
sentencia_t_73_2025,sentencia,Derecho constitucional,Derecho constitucional | Derecho laboral,si,laboral=118; de familia=7; tributario=0,
sentencia_t_74_2025,sentencia,Derecho constitucional,"Derecho constitucional | Derecho laboral | Derecho de los mercados [competencia, consumidor, datos personales y propiedad intelectual]",si,laboral=155; de los mercados=8; administrativo=5,
sentencia_t_75_2025,sentencia,Derecho constitucional,Derecho constitucional,no,administrativo=5; tributario=0; procesal=0,
sentencia_t_762_2015,sentencia,Derecho constitucional | Derecho penal,Derecho constitucional | Derecho penal | Derecho laboral,si,penal=97; laboral=17; administrativo=17,
sentencia_t_76_2026,sentencia,Derecho constitucional,Derecho constitucional | Derecho de familia | Derecho administrativo,si,de familia=20; administrativo=17; laboral=13,
sentencia_t_77_2026,sentencia,Derecho constitucional,Derecho constitucional | Derecho civil | Derecho penal,si,civil=75; penal=10; laboral=10,
sentencia_t_78_2025,sentencia,Derecho constitucional,"Derecho constitucional | Derecho de los mercados [competencia, consumidor, datos personales y propiedad intelectual] | Derecho administrativo",si,de los mercados=20; administrativo=8; laboral=5,
sentencia_t_78_2026,sentencia,Derecho constitucional,Derecho constitucional | Derecho de familia | Derecho civil,si,de familia=43; civil=27; laboral=7,
sentencia_t_7_2025,sentencia,Derecho constitucional,"Derecho constitucional | Derecho de familia | Derecho de los mercados [competencia, consumidor, datos personales y propiedad intelectual]",si,de familia=38; de los mercados=12; penal=8,
sentencia_t_81_2025,sentencia,Derecho constitucional,Derecho constitucional | Derecho civil | Derecho administrativo,si,civil=73; administrativo=13; penal=10,
sentencia_t_82_2025,sentencia,Derecho constitucional,Derecho constitucional | Derecho de familia,si,de familia=52; laboral=2; tributario=0,
sentencia_t_83_2025,sentencia,Derecho constitucional,Derecho constitucional | Derecho laboral,si,laboral=8; de familia=5; administrativo=5,
sentencia_t_83_2026,sentencia,Derecho constitucional,Derecho constitucional | Derecho de familia | Derecho laboral,si,de familia=25; laboral=10; administrativo=2,
sentencia_t_84_2025,sentencia,Derecho constitucional,Derecho constitucional | Derecho civil,si,civil=148; procesal=5; laboral=5,
sentencia_t_84_2026,sentencia,Derecho constitucional,Derecho constitucional | Derecho administrativo | Derecho penal,si,administrativo=55; penal=45; laboral=12,
sentencia_t_85_2025,sentencia,Derecho constitucional,Derecho constitucional | Derecho civil | Derecho procesal,si,civil=53; procesal=10; penal=2,
sentencia_t_86_2026,sentencia,Derecho constitucional,Derecho constitucional | Derecho penal | Derecho procesal,si,penal=27; procesal=25; laboral=22,
sentencia_t_87_2026,sentencia,Derecho constitucional,Derecho constitucional | Derecho de familia,si,de familia=25; administrativo=3; tributario=2,
sentencia_t_881_2002,sentencia,Derecho constitucional,Derecho constitucional | Derecho penal | Derecho de familia,si,penal=25; de familia=10; procesal=2,
sentencia_t_88_2026,sentencia,Derecho constitucional,Derecho constitucional | Derecho laboral | Derecho de familia,si,laboral=23; de familia=15; procesal=2,
sentencia_t_89_2025,sentencia,Derecho constitucional,Derecho constitucional | Derecho administrativo,si,administrativo=37; procesal=7; laboral=7,
sentencia_t_89_2026,sentencia,Derecho constitucional,Derecho constitucional | Derecho laboral,si,laboral=28; de los mercados=3; procesal=2,
sentencia_t_8_2025,sentencia,Derecho constitucional,"Derecho constitucional | Derecho de familia | Derecho de los mercados [competencia, consumidor, datos personales y propiedad intelectual]",si,de familia=37; de los mercados=17; laboral=13,
sentencia_t_8_2026,sentencia,Derecho constitucional,Derecho constitucional | Derecho administrativo | Derecho laboral,si,administrativo=30; laboral=18; procesal=8,
sentencia_t_90_2025,sentencia,Derecho constitucional,Derecho constitucional | Derecho laboral | Derecho penal,si,laboral=85; penal=47; de familia=8,
sentencia_t_90_2026,sentencia,Derecho constitucional,Derecho constitucional | Derecho de familia,si,de familia=73; tributario=0; procesal=0,
sentencia_t_91_2025,sentencia,Derecho constitucional,Derecho constitucional | Derecho de familia,si,de familia=8; administrativo=5; tributario=0,
sentencia_t_91_2026,sentencia,Derecho constitucional,Derecho constitucional | Derecho de familia | Derecho laboral,si,de familia=137; laboral=10; procesal=5,
sentencia_t_92_2025,sentencia,Derecho constitucional,Derecho constitucional | Derecho de familia,si,de familia=17; laboral=2; administrativo=2,
sentencia_t_92_2026,sentencia,Derecho constitucional,Derecho constitucional | Derecho de familia,si,de familia=135; penal=3; laboral=3,
sentencia_t_93_2025,sentencia,Derecho constitucional,Derecho constitucional | Derecho laboral | Derecho de familia,si,laboral=82; de familia=15; procesal=3,
sentencia_t_93_2026,sentencia,Derecho constitucional,Derecho constitucional | Derecho penal | Derecho administrativo,si,penal=15; administrativo=15; laboral=8,
sentencia_t_94_2025,sentencia,Derecho constitucional,Derecho constitucional | Derecho de familia | Derecho administrativo,si,de familia=62; administrativo=58; procesal=18,
sentencia_t_94_2026,sentencia,Derecho constitucional,Derecho constitucional | Derecho de familia | Derecho laboral,si,de familia=27; laboral=23; tributario=0,
sentencia_t_95_2025,sentencia,Derecho constitucional,Derecho constitucional | Derecho laboral,si,laboral=102; procesal=5; de familia=2,
sentencia_t_95_2026,sentencia,Derecho constitucional,Derecho constitucional | Derecho de familia,si,de familia=38; laboral=7; tributario=0,
sentencia_t_96_2025,sentencia,Derecho constitucional,"Derecho constitucional | Derecho de familia | Derecho de los mercados [competencia, consumidor, datos personales y propiedad intelectual]",si,de familia=115; de los mercados=13; penal=8,
sentencia_t_96_2026,sentencia,Derecho constitucional,Derecho constitucional | Derecho laboral,si,laboral=30; procesal=2; penal=2,
sentencia_t_9_2025,sentencia,Derecho constitucional,Derecho constitucional | Derecho laboral,si,laboral=75; procesal=5; de los mercados=3,
sentencia_t_9_2026,sentencia,Derecho constitucional,Derecho constitucional | Derecho laboral,si,laboral=8; de familia=7; penal=5,
ley_715_2001,norma,Derecho constitucional; Derecho administrativo; Derecho tributario,Derecho administrativo; Derecho tributario,si,v5: revisado por materia de la norma (aplicado; pendiente de visto bueno),
ley_1122_2007,norma,Derecho constitucional; Derecho tributario; Derecho administrativo,Derecho laboral; Derecho administrativo,si,v5: revisado por materia de la norma (aplicado; pendiente de visto bueno),
ley_74_1968,norma,Derecho constitucional; Derecho penal; Derecho de familia,Derecho constitucional; Derecho penal,si,v5: revisado por materia de la norma (aplicado; pendiente de visto bueno),
ley_1448_2011,norma,Derecho constitucional; Derecho penal; Derecho administrativo,Derecho constitucional; Derecho administrativo; Derecho penal,si,v5: revisado por materia de la norma (aplicado; pendiente de visto bueno),
ley_115_1994,norma,Derecho constitucional; Derecho laboral; Derecho comercial y sociedades,Derecho administrativo; Derecho constitucional,si,v5: revisado por materia de la norma (aplicado; pendiente de visto bueno),
ley_1346_2009,norma,Derecho constitucional; Derecho laboral; Derecho civil,Derecho constitucional; Derecho civil,si,v5: revisado por materia de la norma (aplicado; pendiente de visto bueno),
ley_16_1972,norma,Derecho constitucional; Derecho penal; Derecho de familia,Derecho constitucional; Derecho penal,si,v5: revisado por materia de la norma (aplicado; pendiente de visto bueno),
ley_1618_2013,norma,Derecho constitucional; Derecho laboral; Derecho penal,Derecho constitucional; Derecho administrativo,si,v5: revisado por materia de la norma (aplicado; pendiente de visto bueno),
ley_712_2001,norma,Derecho constitucional; Derecho laboral; Derecho procesal,Derecho laboral; Derecho procesal,si,v5: revisado por materia de la norma (aplicado; pendiente de visto bueno),
ley_1949_2019,norma,Derecho constitucional; Derecho comercial y sociedades; Derecho penal,Derecho administrativo; Derecho laboral,si,v5: revisado por materia de la norma (aplicado; pendiente de visto bueno),
ley_1438_2011,norma,Derecho constitucional; Derecho laboral; Derecho administrativo,Derecho laboral; Derecho administrativo,si,v5: revisado por materia de la norma (aplicado; pendiente de visto bueno),
ley_734_2002,norma,Derecho constitucional; Derecho administrativo; Derecho penal,Derecho administrativo,si,v5: revisado por materia de la norma (aplicado; pendiente de visto bueno),
ley_99_1993,norma,Derecho constitucional; Derecho administrativo; Derecho civil,Derecho administrativo,si,v5: revisado por materia de la norma (aplicado; pendiente de visto bueno),
ley_142_1994,norma,Derecho constitucional; Derecho administrativo; Derecho tributario,Derecho administrativo; Derecho comercial y sociedades,si,v5: revisado por materia de la norma (aplicado; pendiente de visto bueno),
ley_12_1991,norma,Derecho constitucional; Derecho de familia; Derecho laboral,Derecho constitucional; Derecho de familia,si,v5: revisado por materia de la norma (aplicado; pendiente de visto bueno),
ley_30_1992,norma,Derecho constitucional; Derecho tributario; Derecho laboral,Derecho administrativo,si,v5: revisado por materia de la norma (aplicado; pendiente de visto bueno),
decreto_758_1990,norma,Derecho constitucional,Derecho laboral,si,v5: revisado por materia de la norma (aplicado; pendiente de visto bueno),
ley_248_1995,norma,Derecho constitucional; Derecho penal; Derecho de familia,Derecho constitucional; Derecho penal,si,v5: revisado por materia de la norma (aplicado; pendiente de visto bueno),
ley_860_2003,norma,Derecho constitucional; Derecho laboral; Derecho administrativo,Derecho laboral,si,v5: revisado por materia de la norma (aplicado; pendiente de visto bueno),
ley_962_2005,norma,Derecho constitucional; Derecho administrativo; Derecho de familia,Derecho administrativo,si,v5: revisado por materia de la norma (aplicado; pendiente de visto bueno),
ley_51_1981,norma,Derecho constitucional; Derecho penal; Derecho de familia,Derecho constitucional,si,v5: revisado por materia de la norma (aplicado; pendiente de visto bueno),
ley_1251_2008,norma,Derecho constitucional; Derecho comercial y sociedades; Derecho de familia,Derecho de familia; Derecho constitucional,si,v5: revisado por materia de la norma (aplicado; pendiente de visto bueno),
ley_2055_2020,norma,Derecho constitucional,Derecho constitucional; Derecho de familia,si,v5: revisado por materia de la norma (aplicado; pendiente de visto bueno),
ley_387_1997,norma,Derecho constitucional; Derecho administrativo; Derecho de familia,Derecho constitucional; Derecho administrativo,si,v5: revisado por materia de la norma (aplicado; pendiente de visto bueno),
ley_575_2000,norma,Derecho constitucional; Derecho de familia; Derecho penal,Derecho de familia; Derecho penal,si,v5: revisado por materia de la norma (aplicado; pendiente de visto bueno),
decreto_262_2000,norma,Derecho constitucional; Derecho administrativo; Derecho penal,Derecho administrativo,si,v5: revisado por materia de la norma (aplicado; pendiente de visto bueno),
ley_418_1997,norma,Derecho constitucional; Derecho penal; Derecho tributario,Derecho penal; Derecho administrativo,si,v5: revisado por materia de la norma (aplicado; pendiente de visto bueno),
ley_21_1991,norma,Derecho constitucional; Derecho penal; Derecho civil,Derecho constitucional,si,v5: revisado por materia de la norma (aplicado; pendiente de visto bueno),
decreto_25_2014,norma,Derecho constitucional; Derecho laboral; Derecho administrativo,Derecho administrativo; Derecho constitucional,si,v5: revisado por materia de la norma (aplicado; pendiente de visto bueno),
ley_70_1993,norma,Derecho constitucional; Derecho tributario; Derecho administrativo,Derecho constitucional; Derecho administrativo,si,v5: revisado por materia de la norma (aplicado; pendiente de visto bueno),
ley_60_1993,norma,Derecho constitucional; Derecho administrativo; Derecho laboral,Derecho administrativo; Derecho tributario,si,v5: revisado por materia de la norma (aplicado; pendiente de visto bueno),
ley_1616_2013,norma,Derecho constitucional; Derecho penal; Derecho administrativo,Derecho administrativo; Derecho constitucional,si,v5: revisado por materia de la norma (aplicado; pendiente de visto bueno),
decreto_2106_2019,norma,Derecho civil; Derecho constitucional; Derecho administrativo,Derecho administrativo,si,v5: revisado por materia de la norma (aplicado; pendiente de visto bueno),
ley_24_1992,norma,Derecho constitucional; Derecho administrativo; Derecho procesal,Derecho constitucional; Derecho administrativo,si,v5: revisado por materia de la norma (aplicado; pendiente de visto bueno),
ley_550_1999,norma,Derecho tributario; Derecho administrativo; Derecho comercial y sociedades,Derecho comercial y sociedades,si,v5: revisado por materia de la norma (aplicado; pendiente de visto bueno),
ley_21_1982,norma,Derecho tributario; Derecho constitucional; Derecho laboral,Derecho laboral,si,v5: revisado por materia de la norma (aplicado; pendiente de visto bueno),
ley_1781_2016,norma,Derecho constitucional; Derecho procesal; Derecho administrativo,Derecho procesal; Derecho administrativo,si,v5: revisado por materia de la norma (aplicado; pendiente de visto bueno),
decreto_1507_2014,norma,Derecho constitucional; Derecho laboral,Derecho laboral,si,v5: revisado por materia de la norma (aplicado; pendiente de visto bueno),
ley_2136_2021,norma,Derecho constitucional; Derecho administrativo; Derecho penal,Derecho administrativo; Derecho constitucional,si,v5: revisado por materia de la norma (aplicado; pendiente de visto bueno),
decreto_806_2020,norma,Derecho constitucional; Derecho administrativo; Derecho procesal,Derecho procesal,si,v5: revisado por materia de la norma (aplicado; pendiente de visto bueno),
ley_397_1997,norma,Derecho constitucional; Derecho administrativo; Derecho tributario,Derecho administrativo; Derecho constitucional,si,v5: revisado por materia de la norma (aplicado; pendiente de visto bueno),
ley_1276_2009,norma,Derecho constitucional; Derecho administrativo; Derecho comercial y sociedades,Derecho administrativo; Derecho de familia,si,v5: revisado por materia de la norma (aplicado; pendiente de visto bueno),
decreto_2158_1948,norma,Derecho constitucional; Derecho laboral; Derecho procesal,Derecho laboral; Derecho procesal,si,v5: revisado por materia de la norma (aplicado; pendiente de visto bueno),
ley_190_1995,norma,Derecho administrativo; Derecho constitucional; Derecho laboral,Derecho administrativo; Derecho penal,si,v5: revisado por materia de la norma (aplicado; pendiente de visto bueno),
decreto_1265_1970,norma,Derecho constitucional; Derecho administrativo; Derecho procesal,Derecho procesal; Derecho administrativo,si,v5: revisado por materia de la norma (aplicado; pendiente de visto bueno),
ley_130_1994,norma,Derecho constitucional; Derecho administrativo; Derecho comercial y sociedades,Derecho constitucional; Derecho administrativo,si,v5: revisado por materia de la norma (aplicado; pendiente de visto bueno),
decreto_1421_1993,norma,Derecho constitucional; Derecho tributario; Derecho administrativo,Derecho administrativo; Derecho tributario,si,v5: revisado por materia de la norma (aplicado; pendiente de visto bueno),
ley_1142_2007,norma,Derecho constitucional; Derecho penal; Derecho de familia,Derecho penal; Derecho procesal,si,v5: revisado por materia de la norma (aplicado; pendiente de visto bueno),
decreto_4065_2011,norma,Derecho constitucional,Derecho administrativo; Derecho constitucional,si,v5: revisado por materia de la norma (aplicado; pendiente de visto bueno),
ley_319_1996,norma,Derecho constitucional; Derecho laboral; Derecho administrativo,Derecho constitucional; Derecho laboral,si,v5: revisado por materia de la norma (aplicado; pendiente de visto bueno),
ley_890_2004,norma,Derecho constitucional; Derecho penal; Derecho de familia,Derecho penal,si,v5: revisado por materia de la norma (aplicado; pendiente de visto bueno),
decreto_2820_1974,norma,Derecho de familia; Derecho constitucional; Derecho civil,Derecho de familia; Derecho civil,si,v5: revisado por materia de la norma (aplicado; pendiente de visto bueno),
decreto_2351_1965,norma,Derecho constitucional; Derecho laboral; Derecho procesal,Derecho laboral,si,v5: revisado por materia de la norma (aplicado; pendiente de visto bueno),
ley_181_1995,norma,Derecho constitucional; Derecho tributario; Derecho administrativo,Derecho administrativo,si,v5: revisado por materia de la norma (aplicado; pendiente de visto bueno),
ley_1708_2014,norma,Derecho constitucional; Derecho tributario; Derecho penal,Derecho penal; Derecho procesal,si,v5: revisado por materia de la norma (aplicado; pendiente de visto bueno),
ley_23_1981,norma,Derecho constitucional; Derecho penal; Derecho civil,Derecho penal; Derecho civil,si,v5: revisado por materia de la norma (aplicado; pendiente de visto bueno),
decreto_2150_1995,norma,Derecho administrativo; Derecho constitucional; Derecho civil,Derecho administrativo,si,v5: revisado por materia de la norma (aplicado; pendiente de visto bueno),
ley_1820_2016,norma,Derecho constitucional; Derecho penal; Derecho procesal,Derecho penal; Derecho procesal,si,v5: revisado por materia de la norma (aplicado; pendiente de visto bueno),
decreto_216_2021,norma,Derecho constitucional,Derecho administrativo; Derecho constitucional,si,v5: revisado por materia de la norma (aplicado; pendiente de visto bueno),
ley_90_1946,norma,Derecho constitucional; Derecho laboral; Derecho procesal,Derecho laboral,si,v5: revisado por materia de la norma (aplicado; pendiente de visto bueno),
decreto_4062_2011,norma,Derecho constitucional,Derecho administrativo,si,v5: revisado por materia de la norma (aplicado; pendiente de visto bueno),
